PersonID,Prefix,FirstName,LastName,Suffix,FullNamewithPreferred,"Party Affiliation","State Legislature State","State Legislature District","State Legislature Chamber",Room,Address1,Address2,City,State,Zip,Zip+4,"Legislator Email","Legislator Personal Email",Phone,Fax,"District Offices",Committees,"Public URL"
38477674,"State Rep.",Kristin,Bahner,,"Kristin Bahner (Kristin)",Democratic-Farmer-Labor,MN,"District 37B",House,,"Centennial Office Building","658 Cedar St., Fifth Floor","St. Paul",MN,55155,,rep.kristin.bahner@house.mn.gov,,651-296-5502,,,"Minnesota House Education Finance Committee; Minnesota House Health Finance and Policy Committee; Minnesota House State Government Finance and Policy Committee",https://www.legistorm.com/person/bio/312827/Kristin_Bahner.html
54467305,"State Rep.",Ben,Bakeberg,,"Ben Bakeberg (Ben)",Republican,MN,"District 54B",House,,"Centennial Office Building","658 Cedar St., Second Floor","St. Paul",MN,55155,,rep.ben.bakeberg@house.mn.gov,,651-296-5185,,"MN, 612-433-3696","Minnesota House Education Finance Committee; Minnesota House Workforce, Labor and Economic Development Finance and Policy Committee",https://www.legistorm.com/person/bio/442824/Ben_Bakeberg.html
29584774,"State Rep.",Dave,Baker,,"Dave Baker (Dave)",Republican,MN,"District 16B",House,,"Centennial Office Building","658 Cedar St., Second Floor","St. Paul",MN,55155,,rep.dave.baker@house.mn.gov,,651-296-6206,,,"Minnesota House Energy Finance and Policy Committee; Minnesota House Ways and Means Committee; Minnesota House Workforce, Labor and Economic Development Finance and Policy Committee",https://www.legistorm.com/person/bio/240527/Dave_Baker.html
38477551,"State Rep.",Patty,Acomb,,"Patty Acomb (Patty)",Democratic-Farmer-Labor,MN,"District 45B",House,,"Centennial Office Building","658 Cedar St., Fifth Floor","St. Paul",MN,55155,,rep.patty.acomb@house.mn.gov,,651-296-9934,,,"Minnesota House Elections Finance and Government Operations Committee; Minnesota House Energy Finance and Policy Committee; Minnesota House Ways and Means Committee",https://www.legistorm.com/person/bio/312826/Patty_Acomb.html
54464107,"State Rep.",Pam,Altendorf,,"Pam Altendorf (Pam)",Republican,MN,"District 20A",House,,"Centennial Office Building","658 Cedar St., Second Floor","St. Paul",MN,55155,,rep.pam.altendorf@house.mn.gov,,651-296-8635,,,"Minnesota House Children and Families Finance and Policy Committee; Minnesota House Education Finance Committee; Minnesota House Elections Finance and Government Operations Committee",https://www.legistorm.com/person/bio/442798/Pam_Altendorf.html
24118408,"State Rep.",Paul,Anderson,,"Paul H. Anderson (Paul)",Republican,MN,"District 12A",House,,"Centennial Office Building","658 Cedar St., Second Floor","St. Paul",MN,55155,,rep.paul.anderson@house.mn.gov,,651-296-4317,,,"Minnesota House Agriculture Finance and Policy Committee; Minnesota House Energy Finance and Policy Committee; Minnesota House State Government Finance and Policy Committee",https://www.legistorm.com/person/bio/196085/Paul_H_Anderson.html
54465829,"State Rep.",Brion,Curran,,"Brion Marie Curran (Brion)",Democratic-Farmer-Labor,MN,"District 36B",House,,"Centennial Office Building","658 Cedar St., Fifth Floor","St. Paul",MN,55155,,rep.brion.curran@house.mn.gov,,651-296-4342,,,"Minnesota House Human Services Finance and Policy Committee; Minnesota House Judiciary Finance and Civil Law Committee; Minnesota House Public Safety Finance and Policy Committee",https://www.legistorm.com/person/bio/442812/Brion_Marie_Curran.html
32077246,"State Rep.",Matt,Bliss,,"Matt Bliss (Matt)",Republican,MN,"District 2B",House,,"Centennial Office Building","658 Cedar St., Second Floor","St. Paul",MN,55155,,rep.matt.bliss@house.mn.gov,,651-296-5516,,,"Minnesota House Judiciary Finance and Civil Law Committee; Minnesota House Public Safety Finance and Policy Committee; Minnesota House Veterans and Military Affairs Division Committee",https://www.legistorm.com/person/bio/260791/Matt_Bliss.html
71463691,"State Rep.",Shelley,Buck,,"Shelley Buck (Shelley)",Democratic-Farmer-Labor,MN,"District 47A",House,,"Centennial Office Building","658 Cedar St., Fifth Floor","St. Paul",MN,55155,,rep.shelley.buck@house.mn.gov,,651-296-7807,,,"Minnesota House Commerce Finance and Policy Committee; Minnesota House Energy Finance and Policy Committee; Minnesota House Housing Finance and Policy Committee",https://www.legistorm.com/person/bio/581006/Shelley_Buck.html
29906542,"State Sen.",Jim,Carlson,,"James Carlson (Jim)",Democratic-Farmer-Labor,MN,"District 52",Senate,"Room: 3221","Minnesota Senate Building","95 University Ave. West","St. Paul",MN,55155,,sen.jim.carlson@senate.mn,,651-297-8073,,,"Minnesota Senate Elections Committee; Minnesota Senate Transportation Committee",https://www.legistorm.com/person/bio/243143/James_Carlson.html
54466567,"State Rep.",Ethan,Cha,,"Ethan Cha (Ethan)",Democratic-Farmer-Labor,MN,"District 47B",House,,"Centennial Office Building","658 Cedar St., Fifth Floor","St. Paul",MN,55155,,rep.ethan.cha@house.mn.gov,,651-296-1147,,,"Minnesota House Commerce Finance and Policy Committee; Minnesota House Legacy Finance Committee",https://www.legistorm.com/person/bio/442818/Ethan_Cha.html
63582835,"State Rep.",Katie,Jones,,"Katie Jones (Katie)",Democratic-Farmer-Labor,MN,"District 61A",House,,"Centennial Office Building","658 Cedar St., Fifth Floor","St. Paul",MN,55155,,rep.katie.jones@house.mn.gov,,651-296-9281,,,"Minnesota House Energy Finance and Policy Committee; Minnesota House State Government Finance and Policy Committee; Minnesota House Transportation Finance and Policy Committee",https://www.legistorm.com/person/bio/516934/Katie_Jones.html
15550597,"State Rep.",Jamie,Long,,"James Marshall Long (Jamie)",Democratic-Farmer-Labor,MN,"District 61B",House,,"Centennial Office Building","658 Cedar St., Fifth Floor","St. Paul",MN,55155,,rep.jamie.long@house.mn.gov,,651-296-5375,,,"Minnesota House Rules and Legislative Administration Committee",https://www.legistorm.com/person/bio/126428/James_Marshall_Long.html
29587603,"State Rep.",Jim,Nash,,"James Alexander Nash (Jim)",Republican,MN,"District 48A",House,,"Centennial Office Building","658 Cedar St., Second Floor","St. Paul",MN,55155,,rep.jim.nash@house.mn.gov,,651-296-4282,,,"Minnesota House Housing Finance and Policy Committee; Minnesota House Rules and Legislative Administration Committee; Minnesota House State Government Finance and Policy Committee; Minnesota House Ways and Means Committee",https://www.legistorm.com/person/bio/240550/James_Alexander_Nash.html
29583790,"State Rep.",Dave,Pinto,,"David Patrick Pinto (Dave)",Democratic-Farmer-Labor,MN,"District 64B",House,,"Centennial Office Building","658 Cedar St., Fifth Floor","St. Paul",MN,55155,,rep.dave.pinto@house.mn.gov,,651-296-4199,,,"Minnesota House Fraud Prevention and State Agency Oversight Policy; Minnesota House Public Safety Finance and Policy Committee; Minnesota House Ways and Means Committee; Minnesota House Workforce, Labor and Economic Development Finance and Policy Committee",https://www.legistorm.com/person/bio/240519/David_Patrick_Pinto.html
24122344,"State Rep.",Duane,Quam,,"Duane Robert Quam II (Duane)",Republican,MN,"District 24A",House,,"Centennial Office Building","658 Cedar St., Second Floor","St. Paul",MN,55155,,rep.duane.quam@house.mn.gov,,651-296-9236,,,"Minnesota House Education Finance Committee; Minnesota House Elections Finance and Government Operations Committee; Minnesota House State Government Finance and Policy Committee",https://www.legistorm.com/person/bio/196117/Duane_Robert_Quam_II.html
63581605,"State Rep.",Ripper,Repinski,,"Aaron Brent Repinski (Ripper)",Republican,MN,"District 26A",House,,"Centennial Office Building","658 Cedar St., Second Floor","St. Paul",MN,55155,,rep.aaron.repinski@house.mn.gov,,651-296-8637,,,"Minnesota House Health Finance and Policy Committee; Minnesota House Public Safety Finance and Policy Committee; Minnesota House Veterans and Military Affairs Division Committee",https://www.legistorm.com/person/bio/516924/Aaron_Brent_Repinski.html
47639452,"State Rep.",Liz,Reyer,,"Liz Reyer (Liz)",Democratic-Farmer-Labor,MN,"District 52A",House,,"Centennial Office Building","658 Cedar St., Fifth Floor","St. Paul",MN,55155,,rep.liz.reyer@house.mn.gov,,651-296-4128,,,"Minnesota House Capital Investment Committee; Minnesota House Ethics Committee; Minnesota House Health Finance and Policy Committee",https://www.legistorm.com/person/bio/387313/Liz_Reyer.html
63581851,"State Rep.",Max,Rymer,,"Maxwell R. Rymer (Max)",Republican,MN,"District 28B",House,,"Centennial Office Building","658 Cedar St., Second Floor","St. Paul",MN,55155,,rep.max.rymer@house.mn.gov,,651-296-5377,,"MN, 612-354-6164","Minnesota House Capital Investment Committee; Minnesota House Commerce Finance and Policy Committee; Minnesota House Education Finance Committee",https://www.legistorm.com/person/bio/516926/Maxwell_R_Rymer.html
54467920,"State Rep.",Samantha,Sencer-Mura,,"Samantha Sencer-Mura (Samantha)",Democratic-Farmer-Labor,MN,"District 63A",House,,"Centennial Office Building","658 Cedar St., Fifth Floor","St. Paul",MN,55155,,rep.samantha.sencer-mura@house.mn.gov,,651-296-0173,,,"Minnesota House Children and Families Finance and Policy Committee; Minnesota House Education Finance Committee; Minnesota House Transportation Finance and Policy Committee",https://www.legistorm.com/person/bio/442829/Samantha_Sencer_Mura.html
38481118,"State Rep.",Samantha,Vang,,"Samantha Vang (Samantha)",Democratic-Farmer-Labor,MN,"District 38B",House,,"Centennial Office Building","658 Cedar St., Fifth Floor","St. Paul",MN,55155,,rep.samantha.vang@house.mn.gov,,651-296-3709,,,"Minnesota House Agriculture Finance and Policy Committee; Minnesota House Legacy Finance Committee; Minnesota House Ways and Means Committee",https://www.legistorm.com/person/bio/312855/Samantha_Vang.html
54467428,"State Rep.",Jeff,Witte,,"Jeff Witte (Jeff)",Republican,MN,"District 57B",House,,"Centennial Office Building","658 Cedar St., Second Floor","St. Paul",MN,55155,,rep.jeff.witte@house.mn.gov,,651-296-4240,,,"Minnesota House Public Safety Finance and Policy Committee; Minnesota House Taxes Committee",https://www.legistorm.com/person/bio/442825/Jeff_Witte.html
47639206,"State Rep.",Sandra,Feist,,"Sandra Ellen Feist (Sandra)",Democratic-Farmer-Labor,MN,"District 39B",House,,"Centennial Office Building","658 Cedar St., Fifth Floor","St. Paul",MN,55155,,rep.sandra.feist@house.mn.gov,,651-296-4331,,,"Minnesota House Judiciary Finance and Civil Law Committee; Minnesota House Public Safety Finance and Policy Committee; Minnesota House Veterans and Military Affairs Division Committee",https://www.legistorm.com/person/bio/387311/Sandra_Ellen_Feist.html
47639698,"State Rep.",Esther,Agbaje,,"Esther Olufunmilola Agbaje (Esther)",Democratic-Farmer-Labor,MN,"District 59B",House,,"Centennial Office Building","658 Cedar St., Fifth Floor","St. Paul",MN,55155,,rep.esther.agbaje@house.mn.gov,,651-296-8659,,,"Minnesota House Agriculture Finance and Policy Committee; Minnesota House Taxes Committee; Minnesota House Ways and Means Committee",https://www.legistorm.com/person/bio/387315/Esther_Olufunmilola_Agbaje.html
56331370,"State Rep.",Keith,Allen,,"Keith R. Allen (Keith)",Republican,MN,"District 19A",House,,"Centennial Office Building","658 Cedar St., Second Floor","St. Paul",MN,55155,,rep.keith.allen@house.mn.gov,,651-296-8237,,,"Minnesota House Capital Investment Committee; Minnesota House Commerce Finance and Policy Committee; Minnesota House Higher Education Finance and Policy Committee",https://www.legistorm.com/person/bio/457979/Keith_R_Allen.html
29583913,"State Rep.",Jeff,Backer,,"Jeff Backer Jr. (Jeff)",Republican,MN,"District 9A",House,,"Centennial Office Building","658 Cedar St., Second Floor","St. Paul",MN,55155,,rep.jeff.backer@house.mn.gov,,651-296-4929,,"MN, 701-361-1909","Minnesota House Health Finance and Policy Committee; Minnesota House Human Services Finance and Policy Committee",https://www.legistorm.com/person/bio/240520/Jeff_Backer_Jr_.html
32078107,"State Sen.",Cal,Bahr,,"Calvin K. Bahr (Cal)",Republican,MN,"District 31",Senate,"Room: 2415","Minnesota Senate Building","95 University Ave. West","St. Paul",MN,55155,,sen.cal.bahr@senate.mn,,651-296-3219,,,"Minnesota Senate Elections Committee; Minnesota Senate State and Local Government Committee",https://www.legistorm.com/person/bio/260798/Calvin_K_Bahr.html
29584651,"State Rep.",Peggy,Bennett,,"Peggy Bennett (Peggy)",Republican,MN,"District 23A",House,,"Centennial Office Building","658 Cedar St., Second Floor","St. Paul",MN,55155,,rep.peggy.bennett@house.mn.gov,,651-296-8216,,,"Minnesota House Education Finance Committee; Minnesota House Education Policy Committee; Minnesota House Ethics Committee; Minnesota House Veterans and Military Affairs Division Committee",https://www.legistorm.com/person/bio/240526/Peggy_Bennett.html
47639575,"State Rep.",Kaela,Berg,,"Kaela Jo Berg (Kaela)",Democratic-Farmer-Labor,MN,"District 55B",House,,"Centennial Office Building","658 Cedar St., Fifth Floor","St. Paul",MN,55155,,rep.kaela.berg@house.mn.gov,,651-296-5387,,,"Minnesota House Public Safety Finance and Policy Committee; Minnesota House Workforce, Labor and Economic Development Finance and Policy Committee",https://www.legistorm.com/person/bio/387314/Kaela_Jo_Berg.html
38477797,"State Rep.",Robert,Bierman,,"Robert Bierman (Robert)",Democratic-Farmer-Labor,MN,"District 56A",House,,"Centennial Office Building","658 Cedar St., Fifth Floor","St. Paul",MN,55155,,rep.robert.bierman@house.mn.gov,,651-296-5506,,"MN, 952-432-8412","Minnesota House Education Policy Committee; Minnesota House Health Finance and Policy Committee; Minnesota House Ways and Means Committee",https://www.legistorm.com/person/bio/312828/Robert_Bierman.html
47638714,"State Sen.",Liz,Boldon,,"Elizabeth Anne Boldon (Liz)",Democratic-Farmer-Labor,MN,"District 25",Senate,"Room: 3205","Minnesota Senate Building","95 University Ave. West","St. Paul",MN,55155,,sen.liz.boldon@senate.mn,,651-296-3903,,,"Minnesota Senate Education Policy Committee; Minnesota Senate Elections Committee; Minnesota Senate Health and Human Services Committee; Minnesota Senate Housing and Homelessness Prevention Committee",https://www.legistorm.com/person/bio/387307/Elizabeth_Anne_Boldon.html
47637730,"State Rep.",John,Burkel,,"John Burkel (John)",Republican,MN,"District 1A",House,,"Centennial Office Building","658 Cedar St., Second Floor","St. Paul",MN,55155,,rep.john.burkel@house.mn.gov,,651-296-9635,,,"Minnesota House Agriculture Finance and Policy Committee; Minnesota House Environment and Natural Resources Finance and Policy Committee; Minnesota House Legacy Finance Committee",https://www.legistorm.com/person/bio/387299/John_Burkel.html
54466075,"State Rep.",Ned,Carroll,,"Ned J. Carroll (Ned)",Democratic-Farmer-Labor,MN,"District 42A",House,,"Centennial Office Building","658 Cedar St., Fifth Floor","St. Paul",MN,55155,,rep.ned.carroll@house.mn.gov,,651-296-5510,,,"Minnesota House Capital Investment Committee; Minnesota House Energy Finance and Policy Committee; Minnesota House Health Finance and Policy Committee",https://www.legistorm.com/person/bio/442814/Ned_J_Carroll.html
24129601,"State Sen.","Bobby Joe",Champion,,"Bobby Joe Champion (Bobby Joe)",Democratic-Farmer-Labor,MN,"District 59",Senate,"Room: 3401","Minnesota Senate Building","95 University Ave. West","St. Paul",MN,55155,,sen.bobby.champion@senate.mn,,651-296-9246,,,"Minnesota Senate Finance Committee; Minnesota Senate Jobs and Economic Development Committee; Minnesota Senate Rules and Administration Committee",https://www.legistorm.com/person/bio/196176/Bobby_Joe_Champion.html
47641174,"State Sen.",Julia,Coleman,,"Julia E. Coleman (Julia)",Republican,MN,"District 48",Senate,"Room: 2303","Minnesota Senate Building","95 University Ave. West","St. Paul",MN,55155,,sen.julia.coleman@mnsenate.gov,,651-296-4837,,,"Minnesota Senate Education Policy Committee; Minnesota Senate Rules and Administration Committee; Minnesota Senate Transportation Committee",https://www.legistorm.com/person/bio/387327/Julia_E_Coleman.html
45765055,"State Rep.",Nathan,Coulter,,"Nathan Coulter (Nathan)",Democratic-Farmer-Labor,MN,"District 51B",House,,"Centennial Office Building","658 Cedar St., Fifth Floor","St. Paul",MN,55155,,rep.nathan.coulter@house.mn.gov,,651-296-4218,,,"Minnesota House Children and Families Finance and Policy Committee; Minnesota House Elections Finance and Government Operations Committee; Minnesota House Higher Education Finance and Policy Committee; Minnesota House Rules and Legislative Administration Committee",https://www.legistorm.com/person/bio/372074/Nathan_Coulter.html
32076754,"State Sen.",Steve,Cwodzinski,,"Steve A. Cwodzinski (Steve)",Democratic-Farmer-Labor,MN,"District 49",Senate,"Room: 3207","Minnesota Senate Building","95 University Ave. West","St. Paul",MN,55155,,sen.steve.cwodzinski@senate.mn,,651-296-1314,,,"Minnesota Senate Education Finance Committee; Minnesota Senate Education Policy Committee; Minnesota Senate Elections Committee; Minnesota Senate State and Local Government Committee",https://www.legistorm.com/person/bio/260787/Steve_A_Cwodzinski.html
24122959,"State Rep.",Greg,Davids,,"Gregory Michael Davids (Greg)",Republican,MN,"District 26B",House,,"Centennial Office Building","658 Cedar St., Second Floor","St. Paul",MN,55155,,rep.greg.davids@house.mn.gov,,651-296-9278,,,"Minnesota House Commerce Finance and Policy Committee; Minnesota House Ethics Committee; Minnesota House Taxes Committee",https://www.legistorm.com/person/bio/196122/Gregory_Michael_Davids.html
54468535,"State Rep.",Ben,Davis,,"Ben Davis (Ben)",Republican,MN,"District 6A",House,,"Centennial Office Building","658 Cedar St., Second Floor","St. Paul",MN,55155,,rep.ben.davis@house.mn.gov,,651-296-0172,,,"Minnesota House Elections Finance and Government Operations Committee; Minnesota House State Government Finance and Policy Committee; Minnesota House Veterans and Military Affairs Division Committee",https://www.legistorm.com/person/bio/442834/Ben_Davis.html
63582343,"State Rep.",Tom,Dippel,,"Thomas Dippel (Tom)",Republican,MN,"District 41B",House,,"Centennial Office Building","658 Cedar St., Second Floor","St. Paul",MN,55155,,rep.tom.dippel@house.mn.gov,,651-296-3135,,,"Minnesota House Education Finance Committee; Minnesota House Education Policy Committee; Minnesota House Health Finance and Policy Committee; Minnesota House Legacy Finance Committee",https://www.legistorm.com/person/bio/516930/Thomas_Dippel.html
47641420,"State Sen.",Zach,Duckworth,,"Zach Duckworth (Zach)",Republican,MN,"District 57",Senate,"Room: 2229","Minnesota Senate Building","95 University Ave. West","St. Paul",MN,55155,,sen.zach.duckworth@senate.mn,,651-296-7633,,,"Minnesota Senate Commerce and Consumer Protection Committee; Minnesota Senate Education Policy Committee; Minnesota Senate Higher Education Committee",https://www.legistorm.com/person/bio/387329/Zach_Duckworth.html
54468289,"State Rep.",Leigh,Finke,,"Leigh Dawn Finke (Leigh)",Democratic-Farmer-Labor,MN,"District 66A",House,,"Centennial Office Building","658 Cedar St., Fifth Floor","St. Paul",MN,55155,,rep.leigh.finke@house.mn.gov,,651-296-3824,,,"Minnesota House Commerce Finance and Policy Committee; Minnesota House Environment and Natural Resources Finance and Policy Committee; Minnesota House Judiciary Finance and Civil Law Committee",https://www.legistorm.com/person/bio/442832/Leigh_Dawn_Finke.html
54464353,"State Rep.",Marj,Fogelman,,"Marjorie Judith Fogelman (Marj)",Republican,MN,"District 21B",House,,"Centennial Office Building","658 Cedar St., Second Floor","St. Paul",MN,55155,,rep.marj.fogelman@house.mn.gov,,651-296-5373,,,"Minnesota House Capital Investment Committee; Minnesota House Education Policy Committee; Minnesota House Transportation Finance and Policy Committee",https://www.legistorm.com/person/bio/442800/Marjorie_Judith_Fogelman.html
47639329,"State Rep.",Cedrick,Frazier,,"Cedrick Rommel Frazier (Cedrick)",Democratic-Farmer-Labor,MN,"District 43A",House,,"Centennial Office Building","658 Cedar St., Fifth Floor","St. Paul",MN,55155,,rep.cedrick.frazier@house.mn.gov,,651-296-4255,,,"Minnesota House Judiciary Finance and Civil Law Committee; Minnesota House Ways and Means Committee; Minnesota House Workforce, Labor and Economic Development Finance and Policy Committee",https://www.legistorm.com/person/bio/387312/Cedrick_Rommel_Frazier.html
32076016,"State Sen.",Nick,Frentz,,"Nick Andrew Frentz (Nick)",Democratic-Farmer-Labor,MN,"District 18",Senate,"Room: 3109","Minnesota Senate Building","95 University Ave. West","St. Paul",MN,55155,,sen.nick.frentz@senate.mn,,651-296-6153,,,"Minnesota Senate Commerce and Consumer Protection Committee; Minnesota Senate Energy, Utilities, Environment and Climate Committee; Minnesota Senate Finance Committee; Minnesota Senate Rules and Administration Committee",https://www.legistorm.com/person/bio/260781/Nick_Andrew_Frentz.html
54463738,"State Rep.",Dawn,Gillman,,"Dawn Gillman (Dawn)",Republican,MN,"District 17A",House,,"Centennial Office Building","658 Cedar St., Second Floor","St. Paul",MN,55155,,rep.dawn.gillman@house.mn.gov,,651-296-4228,,,"Minnesota House Environment and Natural Resources Finance and Policy Committee; Minnesota House Health Finance and Policy Committee; Minnesota House Human Services Finance and Policy Committee",https://www.legistorm.com/person/bio/442795/Dawn_Gillman.html
38478658,"State Rep.",Aisha,Gomez,,"Aisha Gomez (Aisha)",Democratic-Farmer-Labor,MN,"District 62A",House,,"Centennial Office Building","658 Cedar St., Fifth Floor","St. Paul",MN,55155,,rep.aisha.gomez@house.mn.gov,,651-296-7152,,,"Minnesota House Taxes Committee; Minnesota House Ways and Means Committee",https://www.legistorm.com/person/bio/312835/Aisha_Gomez.html
65973094,"State Rep.",David,Gottfried,,"David Gottfried (David)",Democratic-Farmer-Labor,MN,"District 40B",House,,"Centennial Office Building","658 Cedar St., Second Floor","St. Paul",MN,55155,,rep.david.gottfried@house.mn.gov,,651-296-7153,,,"Minnesota House Agriculture Finance and Policy Committee; Minnesota House Education Policy Committee; Minnesota House Environment and Natural Resources Finance and Policy Committee",https://www.legistorm.com/person/bio/536367/David_Gottfried.html
29841967,"State Sen.",Steve,Green,,"Steve Green (Steve)",Republican,MN,"District 2",Senate,"Room: 2319","Minnesota Senate Building","95 University Ave. West","St. Paul",MN,55155,,sen.steve.green@mnsenate.gov,,651-297-8063,,,"Minnesota Senate Commerce and Consumer Protection Committee; Minnesota Senate Energy, Utilities, Environment and Climate Committee; Minnesota Senate Environment, Climate and Legacy Committee",https://www.legistorm.com/person/bio/242618/Steve_Green.html
7411441,"State Rep.",Emma,Greenman,,"Emma Geismar Greenman (Emma)",Democratic-Farmer-Labor,MN,"District 63B",House,,"Centennial Office Building","658 Cedar St., Fifth Floor","St. Paul",MN,55155,,rep.emma.greenman@house.mn.gov,,651-296-4200,,,"Minnesota House Elections Finance and Government Operations Committee; Minnesota House Fraud Prevention and State Agency Oversight Policy; Minnesota House Public Safety Finance and Policy Committee; Minnesota House Workforce, Labor and Economic Development Finance and Policy Committee",https://www.legistorm.com/person/bio/60256/Emma_Geismar_Greenman.html
24121360,"State Sen.",Glenn,Gruenhagen,,"Glenn Gruenhagen (Glenn)",Republican,MN,"District 17",Senate,"Room: 2417","Minnesota Senate Building","95 University Ave. West","St. Paul",MN,55155,,sen.glenn.gruenhagen@senate.mn,,651-296-4131,,,"Minnesota Senate Energy, Utilities, Environment and Climate Committee; Minnesota Senate Housing and Homelessness Prevention Committee; Minnesota Senate Human Services Committee",https://www.legistorm.com/person/bio/196109/Glenn_Gruenhagen.html
24124804,"State Rep.",Rick,Hansen,,"Rick Hansen (Rick)",Democratic-Farmer-Labor,MN,"District 53B",House,,"Centennial Office Building","658 Cedar St., Fifth Floor","St. Paul",MN,55155,,rep.rick.hansen@house.mn.gov,,651-296-6828,,,"Minnesota House Agriculture Finance and Policy Committee; Minnesota House Capital Investment Committee; Minnesota House Environment and Natural Resources Finance and Policy Committee",https://www.legistorm.com/person/bio/196137/Rick_Hansen.html
54463861,"State Rep.",Bobbie,Harder,,"Bobbie V. Harder (Bobbie)",Republican,MN,"District 17B",House,,"Centennial Office Building","658 Cedar St., Second Floor","St. Paul",MN,55155,,rep.bobbie.harder@house.mn.gov,,651-296-4229,,,"Minnesota House Agriculture Finance and Policy Committee; Minnesota House Public Safety Finance and Policy Committee; Minnesota House Taxes Committee",https://www.legistorm.com/person/bio/442796/Bobbie_V_Harder.html
26908909,"State Sen.",Grant,Hauschild,,"Grant Hauschild (Grant)",Democratic-Farmer-Labor,MN,"District 3",Senate,"Room: 3111","Minnesota Senate Building","95 University Ave. West","St. Paul",MN,55155,,sen.grant.hauschild@senate.mn,,651-296-1789,,,"Minnesota Senate Education Policy Committee; Minnesota Senate Environment, Climate and Legacy Committee; Minnesota Senate Labor Committee; Minnesota Senate Taxes Committee",https://www.legistorm.com/person/bio/218772/Grant_Hauschild.html
29423644,"State Sen.",Foung,Hawj,,"Foung Hawj (Foung)",Democratic-Farmer-Labor,MN,"District 67",Senate,"Room: 3231","Minnesota Senate Building","95 University Ave. West","St. Paul",MN,55155,,sen.foung.hawj@senate.mn,,651-296-5285,,,"Minnesota Senate Environment, Climate and Legacy Committee; Minnesota Senate Jobs and Economic Development Committee; Minnesota Senate Transportation Committee",https://www.legistorm.com/person/bio/239217/Foung_Hawj.html
54464476,"State Rep.",Kim,Hicks,,"Kimberly Kearnes Hicks (Kim)",Democratic-Farmer-Labor,MN,"District 25A",House,,"Centennial Office Building","658 Cedar St., Fifth Floor","St. Paul",MN,55155,,rep.kim.hicks@house.mn.gov,,651-296-4378,,,"Minnesota House Children and Families Finance and Policy Committee; Minnesota House Higher Education Finance and Policy Committee; Minnesota House Human Services Finance and Policy Committee",https://www.legistorm.com/person/bio/442801/Kimberly_Kearnes_Hicks.html
47639944,"State Rep.",Athena,Hollins,,"Athena Hollins (Athena)",Democratic-Farmer-Labor,MN,"District 66B",House,,"Centennial Office Building","658 Cedar St., Fifth Floor","St. Paul",MN,55155,,rep.athena.hollins@house.mn.gov,,651-296-4224,,,"Minnesota House Energy Finance and Policy Committee; Minnesota House Public Safety Finance and Policy Committee; Minnesota House Rules and Legislative Administration Committee",https://www.legistorm.com/person/bio/387317/Athena_Hollins.html
29588464,"State Sen.",Karin,Housley,,"Karin Housley (Karin)",Republican,MN,"District 33",Senate,"Room: 2213","Minnesota Senate Building","95 University Ave. West","St. Paul",MN,55155,,sen.karin.housley@senate.mn,,651-296-4351,,,"Minnesota Senate Capital Investment Committee; Minnesota Senate Housing and Homelessness Prevention Committee; Minnesota Senate Jobs and Economic Development Committee",https://www.legistorm.com/person/bio/240557/Karin_Housley.html
31169629,"State Sen.",Jeff,Howe,,"Jeff R. Howe (Jeff)",Republican,MN,"District 13",Senate,"Room: 2231","Minnesota Senate Building","95 University Ave. West","St. Paul",MN,55155,,sen.jeff.howe@senate.mn,,651-296-2084,,,"Minnesota Senate Finance Committee",https://www.legistorm.com/person/bio/253412/Jeff_R_Howe.html
54468043,"State Rep.",Samakab,Hussein,,"Samakab Hussein (Samakab)",Democratic-Farmer-Labor,MN,"District 65A",House,,"Centennial Office Building","658 Cedar St., Fifth Floor","St. Paul",MN,55155,,rep.samakab.hussein@house.mn.gov,,651-296-5158,,,"Minnesota House Housing Finance and Policy Committee; Minnesota House Legacy Finance Committee; Minnesota House Workforce, Labor and Economic Development Finance and Policy Committee",https://www.legistorm.com/person/bio/442830/Samakab_Hussein.html
54464230,"State Rep.",Steve,Jacob,,"Steven E. Jacob (Steve)",Republican,MN,"District 20B",House,,"Centennial Office Building","658 Cedar St., Second Floor","St. Paul",MN,55155,,rep.steven.jacob@house.mn.gov,,651-296-2273,,,"Minnesota House Agriculture Finance and Policy Committee; Minnesota House Environment and Natural Resources Finance and Policy Committee; Minnesota House Human Services Finance and Policy Committee; Minnesota House Rules and Legislative Administration Committee",https://www.legistorm.com/person/bio/442799/Steven_E_Jacob.html
63662416,"State Rep.",Wayne,Johnson,,"Wayne A. Johnson (Wayne)",Republican,MN,"District 41A",House,,"Centennial Office Building","658 Cedar St., Second Floor","St. Paul",MN,55155,,rep.wayne.johnson@house.mn.gov,,651-296-4244,,,"Minnesota House Housing Finance and Policy Committee; Minnesota House Taxes Committee; Minnesota House Workforce, Labor and Economic Development Finance and Policy Committee",https://www.legistorm.com/person/bio/517581/Wayne_A_Johnson.html
38479396,"State Rep.",Ginny,Klevorn,,"Ginny Klevorn (Ginny)",Democratic-Farmer-Labor,MN,"District 42B",House,,"Centennial Office Building","658 Cedar St., Fifth Floor","St. Paul",MN,55155,,rep.ginny.klevorn@house.mn.gov,,651-296-5511,,,"Minnesota House Ethics Committee; Minnesota House Higher Education Finance and Policy Committee; Minnesota House State Government Finance and Policy Committee; Minnesota House Ways and Means Committee",https://www.legistorm.com/person/bio/312841/Ginny_Klevorn.html
32078476,"State Sen.",Mary,Kunesh-Podein,,"Mary Kelly Kunesh-Podein (Mary)",Democratic-Farmer-Labor,MN,"District 39",Senate,"Room: 3209","Minnesota Senate Building","95 University Ave. West","St. Paul",MN,55155,,sen.mary.kunesh@senate.mn,,651-296-4334,,,"Minnesota Senate Agriculture, Veterans, Broadband and Rural Development Committee; Minnesota Senate Education Finance Committee; Minnesota Senate Education Policy Committee; Minnesota Senate Environment, Climate and Legacy Committee",https://www.legistorm.com/person/bio/260801/Mary_Kelly_Kunesh_Podein.html
21949180,"State Rep.",Liz,Lee,,"Kaozouapa Elizabeth Lee (Liz)",Democratic-Farmer-Labor,MN,"District 67A",House,,"Centennial Office Building","658 Cedar St., Fifth Floor","St. Paul",MN,55155,,rep.liz.lee@house.mn.gov,,651-296-4277,,,"Minnesota House Education Finance Committee; Minnesota House Elections Finance and Government Operations Committee; Minnesota House Taxes Committee",https://www.legistorm.com/person/bio/178449/Kaozouapa_Elizabeth_Lee.html
54471487,"State Sen.",Bill,Lieske,,"Bill Lieske (Bill)",Republican,MN,"District 58",Senate,"Room: 2327","Minnesota Senate Building","95 University Ave. West","St. Paul",MN,55155,,sen.bill.lieske@senate.mn,,651-296-5019,,,"Minnesota Senate Health and Human Services Committee; Minnesota Senate Labor Committee",https://www.legistorm.com/person/bio/442858/Bill_Lieske.html
54467059,"State Rep.",Mary,Clardy,,"Mary Frances Clardy (Mary)",Democratic-Farmer-Labor,MN,"District 53A",House,,"Centennial Office Building","658 Cedar St., Fifth Floor","St. Paul",MN,55155,,rep.mary.frances.clardy@house.mn.gov,,651-296-3533,,,"Minnesota House Education Finance Committee; Minnesota House State Government Finance and Policy Committee; Minnesota House Veterans and Military Affairs Division Committee",https://www.legistorm.com/person/bio/442822/Mary_Frances_Clardy.html
65582938,"State Sen.",Doron,Clark,,"Doron Clark (Doron)",Democratic-Farmer-Labor,MN,"District 60",Senate,"Room: 3403","Minnesota Senate Building","95 University Ave. West","St. Paul",MN,55155,,sen.doron.clark@senate.mn,,651-296-7809,,,"Minnesota Senate Education Finance Committee; Minnesota Senate Higher Education Committee; Minnesota Senate Housing and Homelessness Prevention Committee; Minnesota Senate Judiciary and Public Safety Committee",https://www.legistorm.com/person/bio/533195/Doron_Clark.html
38480011,"State Sen.",Alice,Mann,,"Alice Mann (Alice)",Democratic-Farmer-Labor,MN,"District 50",Senate,"Room: 3225","Minnesota Senate Building","95 University Ave. West","St. Paul",MN,55155,,sen.alice.mann@senate.mn,,651-296-6238,,,"Minnesota Senate Education Policy Committee; Minnesota Senate Health and Human Services Committee",https://www.legistorm.com/person/bio/312846/Alice_Mann.html
24136489,"State Sen.",John,Marty,,"John J. Marty (John)",Democratic-Farmer-Labor,MN,"District 40",Senate,"Room: 3235","Minnesota Senate Building","95 University Ave. West","St. Paul",MN,55155,,sen.john.mcguire@senate.mn,,651-296-5645,,,"Minnesota Senate Elections Committee; Minnesota Senate Finance Committee; Minnesota Senate Labor Committee; Minnesota Senate Rules and Administration Committee",https://www.legistorm.com/person/bio/196232/John_J_Marty.html
44498401,"State Rep.",Paul,Novotny,,"Paul Novotny (Paul)",Republican,MN,"District 30B",House,,"Centennial Office Building","658 Cedar St., Second Floor","St. Paul",MN,55155,,rep.paul.novotny@house.mn.gov,,651-296-4237,,,"Minnesota House Higher Education Finance and Policy Committee; Minnesota House Public Safety Finance and Policy Committee; Minnesota House Ways and Means Committee",https://www.legistorm.com/person/bio/361776/Paul_Novotny.html
29584528,"State Sen.",Jason,Rarick,,"Jason Rarick (Jason)",Republican,MN,"District 11",Senate,"Room: 3413","Minnesota Senate Building","95 University Ave. West","St. Paul",MN,55155,,sen.jason.rarick@mnsenate.gov,,651-296-1508,,,"Minnesota Senate Education Finance Committee; Minnesota Senate Energy, Utilities, Environment and Climate Committee; Minnesota Senate Labor Committee",https://www.legistorm.com/person/bio/240525/Jason_Rarick.html
18562621,"State Sen.",Jordan,Rasmusson,,"Jordan C. Rasmusson (Jordan)",Republican,MN,"District 9",Senate,"Room: 2409","Minnesota Senate Building","95 University Ave. West","St. Paul",MN,55155,,sen.jordan.rasmusson@senate.mn,,651-296-4875,,,"Minnesota Senate Capital Investment Committee; Minnesota Senate Commerce and Consumer Protection Committee; Minnesota Senate Human Services Committee",https://www.legistorm.com/person/bio/150916/Jordan_C_Rasmusson.html
38480626,"State Rep.",Kristin,Robbins,,"Kristin Robbins (Kristin)",Republican,MN,"District 37A",House,,"Centennial Office Building","658 Cedar St., Second Floor","St. Paul",MN,55155,,rep.kristin.robbins@house.mn.gov,,651-296-7806,,,"Minnesota House Fraud Prevention and State Agency Oversight Policy; Minnesota House Higher Education Finance and Policy Committee; Minnesota House Taxes Committee",https://www.legistorm.com/person/bio/312851/Kristin_Robbins.html
38573614,"State Rep.",Isaac,Schultz,,"Isaac M. Schultz (Isaac)",Republican,MN,"District 10B",House,,"Centennial Office Building","658 Cedar St., Second Floor","St. Paul",MN,55155,,rep.isaac.schultz@house.mn.gov,,651-296-6746,,,"Minnesota House Environment and Natural Resources Finance and Policy Committee; Minnesota House Fraud Prevention and State Agency Oversight Policy; Minnesota House Rules and Legislative Administration Committee; Minnesota House Workforce, Labor and Economic Development Finance and Policy Committee",https://www.legistorm.com/person/bio/313607/Isaac_M_Schultz.html
24127264,"State Rep.",Peggy,Scott,,"Peggy S. Scott (Peggy)",Republican,MN,"District 31B",House,,"Centennial Office Building","658 Cedar St., Second Floor","St. Paul",MN,55155,,rep.peggy.scott@house.mn.gov,,651-296-4231,,,"Minnesota House Higher Education Finance and Policy Committee; Minnesota House Judiciary Finance and Civil Law Committee; Minnesota House Rules and Legislative Administration Committee; Minnesota House Ways and Means Committee",https://www.legistorm.com/person/bio/196157/Peggy_S_Scott.html
63581236,"State Rep.",Tom,Sexton,,"Thomas Sexton (Tom)",Republican,MN,"District 19B",House,,"Centennial Office Building","658 Cedar St., Second Floor","St. Paul",MN,55155,,rep.tom.sexton@house.mn.gov,,651-296-5368,,,"Minnesota House Capital Investment Committee; Minnesota House Energy Finance and Policy Committee; Minnesota House State Government Finance and Policy Committee",https://www.legistorm.com/person/bio/516921/Thomas_Sexton.html
54464599,"State Rep.",Andy,Smith,,"Andrew Smith (Andy)",Democratic-Farmer-Labor,MN,"District 25B",House,,"Centennial Office Building","658 Cedar St., Fifth Floor","St. Paul",MN,55155,,rep.andy.smith@house.mn.gov,,651-296-9249,,,"Minnesota House Agriculture Finance and Policy Committee; Minnesota House Commerce Finance and Policy Committee; Minnesota House Taxes Committee",https://www.legistorm.com/person/bio/442802/Andrew_Smith.html
59381893,"State Rep.",Bianca,Virnig,,"Bianca Ward Virnig (Bianca)",Democratic-Farmer-Labor,MN,"District 52B",House,,"Centennial Office Building","658 Cedar St., Fifth Floor","St. Paul",MN,55155,,rep.bianca.virnig@house.mn.gov,,651-296-4192,,,"Minnesota House Education Finance Committee; Minnesota House Elections Finance and Government Operations Committee; Minnesota House Human Services Finance and Policy Committee",https://www.legistorm.com/person/bio/482780/Bianca_Ward_Virnig.html
32078230,"State Rep.",Nolan,West,,"Nolan West (Nolan)",Republican,MN,"District 32A",House,,"Centennial Office Building","658 Cedar St., Second Floor","St. Paul",MN,55155,,rep.nolan.west@house.mn.gov,,651-296-4226,,,"Minnesota House Children and Families Finance and Policy Committee; Minnesota House Commerce Finance and Policy Committee; Minnesota House Ways and Means Committee",https://www.legistorm.com/person/bio/260799/Nolan_West.html
54467797,"State Rep.",Mike,Wiener,,"Mike Wiener (Mike)",Republican,MN,"District 5B",House,,"Centennial Office Building","658 Cedar St., Second Floor","St. Paul",MN,55155,,rep.mike.wiener@house.mn.gov,,651-296-4293,,,"Minnesota House Energy Finance and Policy Committee; Minnesota House Taxes Committee",https://www.legistorm.com/person/bio/442828/Mike_Wiener.html
24132799,"State Sen.",Gary,Dahms,,"Gary H. Dahms (Gary)",Republican,MN,"District 15",Senate,"Room: 2219","Minnesota Senate Building","95 University Ave. West","St. Paul",MN,55155,,sen.gary.dahms@mnsenate.gov,,651-296-8138,,,"Minnesota Senate Agriculture, Veterans, Broadband and Rural Development Committee; Minnesota Senate Commerce and Consumer Protection Committee",https://www.legistorm.com/person/bio/196202/Gary_H_Dahms.html
29842090,"State Rep.",Peter,Fischer,,"Peter Fischer (Peter)",Democratic-Farmer-Labor,MN,"District 44A",House,,"Centennial Office Building","658 Cedar St., Fifth Floor","St. Paul",MN,55155,,rep.peter.fischer@house.mn.gov,,651-296-5363,,,"Minnesota House Environment and Natural Resources Finance and Policy Committee; Minnesota House Human Services Finance and Policy Committee",https://www.legistorm.com/person/bio/242619/Peter_Fischer.html
24118039,"State Rep.",Mary,Franson,,"Mary Danielle Franson (Mary)",Republican,MN,"District 12B",House,,"Centennial Office Building","658 Cedar St., Second Floor","St. Paul",MN,55155,,rep.mary.franson@house.mn.gov,,651-296-3201,,,"Minnesota House Capital Investment Committee; Minnesota House Health Finance and Policy Committee; Minnesota House Human Services Finance and Policy Committee",https://www.legistorm.com/person/bio/196082/Mary_Danielle_Franson.html
47638345,"State Rep.",Luke,Frederick,,"Luke Frederick (Luke)",Democratic-Farmer-Labor,MN,"District 18B",House,,"Centennial Office Building","658 Cedar St., Fifth Floor","St. Paul",MN,55155,,rep.luke.frederick@house.mn.gov,,651-296-3248,,,"Minnesota House Agriculture Finance and Policy Committee; Minnesota House Capital Investment Committee; Minnesota House Human Services Finance and Policy Committee; Minnesota House Rules and Legislative Administration Committee",https://www.legistorm.com/person/bio/387304/Luke_Frederick.html
8057806,"State Rep.",Mike,Freiberg,,"Michael J.A. Freiberg (Mike)",Democratic-Farmer-Labor,MN,"District 43B",House,,"Centennial Office Building","658 Cedar St., Fifth Floor","St. Paul",MN,55155,,rep.mike.freiberg@house.mn.gov,,651-296-4176,,,"Minnesota House Elections Finance and Government Operations Committee; Minnesota House State Government Finance and Policy Committee; Minnesota House Taxes Committee",https://www.legistorm.com/person/bio/65511/Michael_J_A_Freiberg.html
63581359,"State Rep.",Steve,Gander,,"Steven Phillip Gander (Steve)",Republican,MN,"District 1B",House,,"Centennial Office Building","658 Cedar St., Second Floor","St. Paul",MN,55155,,rep.steve.gander@house.mn.gov,,651-296-5091,,"MN, 218-773-3447","Minnesota House Agriculture Finance and Policy Committee; Minnesota House Human Services Finance and Policy Committee",https://www.legistorm.com/person/bio/516922/Steven_Phillip_Gander.html
63581728,"State Rep.",Jimmy,Gordon,,"James Gordon (Jimmy)",Republican,MN,"District 28A",House,,"Centennial Office Building","658 Cedar St., Second Floor","St. Paul",MN,55155,,rep.jimmy.gordon@house.mn.gov,,651-296-4346,,,"Minnesota House Education Policy Committee; Minnesota House Elections Finance and Government Operations Committee; Minnesota House Human Services Finance and Policy Committee",https://www.legistorm.com/person/bio/516925/James_Gordon.html
63582589,"State Rep.",Julie,Greene,,"Julie Marie Greene (Julie)",Democratic-Farmer-Labor,MN,"District 50A",House,,"Centennial Office Building","658 Cedar St., Fifth Floor","St. Paul",MN,55155,,rep.julie.greene@house.mn.gov,,651-296-4363,,,"Minnesota House Education Finance Committee; Minnesota House Education Policy Committee; Minnesota House Transportation Finance and Policy Committee",https://www.legistorm.com/person/bio/516932/Julie_Marie_Greene.html
54470503,"State Sen.",Heather,Gustafson,,"Heather Gustafson (Heather)",Democratic-Farmer-Labor,MN,"District 36",Senate,"Room: 3103","Minnesota Senate Building","95 University Ave. West","St. Paul",MN,55155,,sen.heather.gustafson@senate.mn,,651-296-1253,,,"Minnesota Senate Agriculture, Veterans, Broadband and Rural Development Committee; Minnesota Senate Education Finance Committee; Minnesota Senate Jobs and Economic Development Committee; Minnesota Senate State and Local Government Committee",https://www.legistorm.com/person/bio/442850/Heather_Gustafson.html
47640436,"State Rep.",Jess,Hanson,,"Jessica Hanson (Jess)",Democratic-Farmer-Labor,MN,"District 55A",House,,"Centennial Office Building","658 Cedar St., Fifth Floor","St. Paul",MN,55155,,rep.jessica.hanson@house.mn.gov,,651-296-4212,,"MN, 651-271-9344","Minnesota House Children and Families Finance and Policy Committee; Minnesota House Commerce Finance and Policy Committee; Minnesota House Higher Education Finance and Policy Committee",https://www.legistorm.com/person/bio/387321/Jessica_Hanson.html
29424259,"State Rep.",Josh,Heintzeman,,"Joshua Heintzeman (Josh)",Republican,MN,"District 6B",House,,"Centennial Office Building","658 Cedar St., Second Floor","St. Paul",MN,55155,,rep.josh.heintzeman@house.mn.gov,,651-296-4333,,"MN, 218-820-5674","Minnesota House Commerce Finance and Policy Committee; Minnesota House Environment and Natural Resources Finance and Policy Committee; Minnesota House Legacy Finance Committee; Minnesota House Ways and Means Committee",https://www.legistorm.com/person/bio/239222/Joshua_Heintzeman.html
66782557,"State Sen.",Keri,Heintzeman,,"Keri Heintzeman (Keri)",Republican,MN,"District 6",Senate,"Room: 2235","Minnesota Senate Building","95 University Ave. West","St. Paul",MN,55155,,sen.keri.heintzeman@mnsenate.gov,,651-296-7079,,,"Minnesota Senate Commerce and Consumer Protection Committee; Minnesota Senate Higher Education Committee",https://www.legistorm.com/person/bio/542948/Keri_Heintzeman.html
38478289,"State Rep.",Lisa,Demuth,,"Lisa Demuth (Lisa)",Republican,MN,"District 13A",House,,"Centennial Office Building","658 Cedar St., Second Floor","St. Paul",MN,55155,,rep.lisa.demuth@house.mn.gov,,651-296-4373,,,,https://www.legistorm.com/person/bio/312832/Lisa_Demuth.html
24133168,"State Sen.",Scott,Dibble,,"David Scott Dibble (Scott)",Democratic-Farmer-Labor,MN,"District 61",Senate,"Room: 3107","Minnesota Senate Building","95 University Ave. West","St. Paul",MN,55155,,sen.scott.dibble@senate.mn,,651-296-4191,,,"Minnesota Senate Capital Investment Committee; Minnesota Senate Energy, Utilities, Environment and Climate Committee; Minnesota Senate Taxes Committee; Minnesota Senate Transportation Committee",https://www.legistorm.com/person/bio/196205/David_Scott_Dibble.html
47640805,"State Sen.",Gene,Dornink,,"Gene Allen Dornink (Gene)",Republican,MN,"District 23",Senate,"Room: 3411","Minnesota Senate Building","95 University Ave. West","St. Paul",MN,55155,,sen.gene.dornink@mnsenate.gov,,651-296-5240,,,"Minnesota Senate Agriculture, Veterans, Broadband and Rural Development Committee; Minnesota Senate Labor Committee",https://www.legistorm.com/person/bio/387324/Gene_Allen_Dornink.html
54463492,"State Rep.",Jeff,Dotseth,,"Jeff A. Dotseth (Jeff)",Republican,MN,"District 11A",House,,"Centennial Office Building","658 Cedar St., Second Floor","St. Paul",MN,55155,,rep.jeff.dotseth@house.mn.gov,,651-296-4308,,,"Minnesota House Commerce Finance and Policy Committee; Minnesota House Housing Finance and Policy Committee",https://www.legistorm.com/person/bio/442793/Jeff_A_Dotseth.html
32076139,"State Sen.",Rich,Draheim,,"Rich Draheim (Rich)",Republican,MN,"District 22",Senate,"Room: 2225","Minnesota Senate Building","95 University Ave. West","St. Paul",MN,55155,,sen.rich.draheim@mnsenate.gov,,651-296-5558,,,"Minnesota Senate Finance Committee; Minnesota Senate Housing and Homelessness Prevention Committee; Minnesota Senate Jobs and Economic Development Committee",https://www.legistorm.com/person/bio/260782/Rich_Draheim.html
24122221,"State Sen.",Steve,Drazkowski,,"Steven J. Drazkowski (Steve)",Republican,MN,"District 20",Senate,"Room: 2411","Minnesota Senate Building","95 University Ave. West","St. Paul",MN,55155,,sen.steve.drazkowski@senate.mn,,651-296-5612,,,"Minnesota Senate Environment, Climate and Legacy Committee; Minnesota Senate State and Local Government Committee; Minnesota Senate Taxes Committee",https://www.legistorm.com/person/bio/196116/Steven_J_Drazkowski.html
63581974,"State Rep.",Bidal,Duran,,"Bidal Duran Jr. (Bidal)",Republican,MN,"District 2A",House,,"Centennial Office Building","658 Cedar St., Second Floor","St. Paul",MN,55155,,rep.bidal.duran@house.mn.gov,,651-296-4265,,,"Minnesota House Higher Education Finance and Policy Committee; Minnesota House Judiciary Finance and Civil Law Committee; Minnesota House Public Safety Finance and Policy Committee; Minnesota House Veterans and Military Affairs Division Committee",https://www.legistorm.com/person/bio/516927/Bidal_Duran_Jr_.html
38478535,"State Rep.",Steve,Elkins,,"Steve Elkins (Steve)",Democratic-Farmer-Labor,MN,"District 50B",House,,"Centennial Office Building","658 Cedar St., Fifth Floor","St. Paul",MN,55155,,rep.steve.elkins@house.mn.gov,,651-296-7803,,,"Minnesota House Commerce Finance and Policy Committee; Minnesota House Fraud Prevention and State Agency Oversight Policy; Minnesota House Health Finance and Policy Committee; Minnesota House Taxes Committee",https://www.legistorm.com/person/bio/312834/Steve_Elkins.html
54465706,"State Rep.",Elliott,Engen,,"Elliott Engen (Elliott)",Republican,MN,"District 36A",House,,"Centennial Office Building","658 Cedar St., Second Floor","St. Paul",MN,55155,,rep.elliott.engen@house.mn.gov,,651-296-2365,,,"Minnesota House Education Finance Committee; Minnesota House Judiciary Finance and Civil Law Committee; Minnesota House Public Safety Finance and Policy Committee; Minnesota House Rules and Legislative Administration Committee",https://www.legistorm.com/person/bio/442811/Elliott_Engen.html
63582466,"State Rep.",Alex,Falconer,,"Alexander Falconer (Alex)",Democratic-Farmer-Labor,MN,"District 49A",House,,"Centennial Office Building","658 Cedar St., Fifth Floor","St. Paul",MN,55155,,rep.alex.falconer@house.mn.gov,,651-296-3964,,,"Minnesota House Commerce Finance and Policy Committee; Minnesota House Education Policy Committee; Minnesota House Environment and Natural Resources Finance and Policy Committee",https://www.legistorm.com/person/bio/516931/Alexander_Falconer.html
24127141,"State Sen.",Jim,Abeler,,"James Joseph Abeler Jr. (Jim)",Republican,MN,"District 35",Senate,"Room: 2207","Minnesota Senate Building","95 University Ave. West","St. Paul",MN,55155,,sen.jim.abeler@senate.mn,,651-296-3733,,,"Minnesota Senate Education Policy Committee; Minnesota Senate Health and Human Services Committee; Minnesota Senate Housing and Homelessness Prevention Committee; Minnesota Senate Human Services Committee",https://www.legistorm.com/person/bio/196156/James_Joseph_Abeler_Jr_.html
54469273,"State Sen.",Rob,Farnsworth,,"Robert D. Farnsworth (Rob)",Republican,MN,"District 7",Senate,"Room: 2323","Minnesota Senate Building","95 University Ave. West","St. Paul",MN,55155,,sen.robert.farnsworth@senate.mn,,651-296-8436,,,"Minnesota Senate Education Finance Committee; Minnesota Senate Higher Education Committee; Minnesota Senate Transportation Committee",https://www.legistorm.com/person/bio/442840/Robert_D_Farnsworth.html
47641543,"State Sen.",Omar,Fateh,,"Omar Fateh (Omar)",Democratic-Farmer-Labor,MN,"District 62",Senate,"Room: 3219","Minnesota Senate Building","95 University Ave. West","St. Paul",MN,55155,,sen.omar.fateh@senate.mn,,651-296-4261,,,"Minnesota Senate Health and Human Services Committee; Minnesota Senate Higher Education Committee; Minnesota Senate Human Services Committee; Minnesota Senate State and Local Government Committee",https://www.legistorm.com/person/bio/387330/Omar_Fateh.html
54465214,"State Rep.",Patti,Anderson,,"Patricia Anderson (Patti)",Republican,MN,"District 33A",House,,"Centennial Office Building","658 Cedar St., Second Floor","St. Paul",MN,55155,,rep.patti.anderson@house.mn.gov,,651-296-3018,,,"Minnesota House Fraud Prevention and State Agency Oversight Policy; Minnesota House Taxes Committee; Minnesota House Transportation Finance and Policy Committee",https://www.legistorm.com/person/bio/442807/Patricia_Anderson.html
54466444,"State Sen.",Amanda,Hemmingsen-Jaeger,,"Amanda Hemmingsen-Jaeger (Amanda)",Democratic-Farmer-Labor,MN,"District 47",Senate,"Room: 3229","Minnesota Senate Building","95 W. University Ave.","St. Paul",MN,55155,,sen.amanda.hemmingsen.jaeger@mnsenate.gov,,651-296-5537,,,"Minnesota Senate Capital Investment Committee; Minnesota Senate State and Local Government Committee; Minnesota Senate Taxes Committee",https://www.legistorm.com/person/bio/442817/Amanda_Hemmingsen_Jaeger.html
54465337,"State Rep.",Josiah,Hill,,"Josiah Hill (Josiah)",Democratic-Farmer-Labor,MN,"District 33B",House,,"Centennial Office Building","658 Cedar St., Fifth Floor","St. Paul",MN,55155,,rep.josiah.hill@house.mn.gov,,651-296-4124,,,"Minnesota House Education Finance Committee; Minnesota House Education Policy Committee; Minnesota House Veterans and Military Affairs Division Committee",https://www.legistorm.com/person/bio/442808/Josiah_Hill.html
29780344,"State Sen.",John,Hoffman,,"John A. Hoffman (John)",Democratic-Farmer-Labor,MN,"District 34",Senate,"Room: 2111","Minnesota Senate Building","95 University Ave. West","St. Paul",MN,55155,,sen.john.hoffman@senate.mn,,651-296-4154,,,"Minnesota Senate Energy, Utilities, Environment and Climate Committee; Minnesota Senate Environment, Climate and Legacy Committee; Minnesota Senate Human Services Committee",https://www.legistorm.com/person/bio/242117/John_A_Hoffman.html
69979942,"State Sen.",Mike,Holmstrom,,"Michael Holmstrom Jr. (Mike)",Republican,MN,"District 29",Senate,"Room: 2209","Minnesota Senate Building","95 W. University Ave.","St. Paul",MN,55155,,sen.michael.holmstrom@mnsenate.gov,,651-296-5981,,,"Minnesota Senate Agriculture, Veterans, Broadband and Rural Development Committee; Minnesota Senate Education Finance Committee; Minnesota Senate Judiciary and Public Safety Committee",https://www.legistorm.com/person/bio/568943/Michael_Holmstrom_Jr_.html
38479150,"State Rep.",Mike,Howard,,"Michael Howard (Mike)",Democratic-Farmer-Labor,MN,"District 51A",House,,"Centennial Office Building","658 Cedar St., Fifth Floor","St. Paul",MN,55155,,rep.michael.howard@house.mn.gov,,651-296-7158,,,"Minnesota House Housing Finance and Policy Committee; Minnesota House Rules and Legislative Administration Committee; Minnesota House Taxes Committee",https://www.legistorm.com/person/bio/312839/Michael_Howard.html
54464722,"State Rep.",Walter,Hudson,,"Walter Hudson (Walter)",Republican,MN,"District 30A",House,,"Centennial Office Building","658 Cedar St., Second Floor","St. Paul",MN,55155,,rep.walter.hudson@house.mn.gov,,651-296-1534,,,"Minnesota House Education Finance Committee; Minnesota House Fraud Prevention and State Agency Oversight Policy; Minnesota House Judiciary Finance and Civil Law Committee; Minnesota House Public Safety Finance and Policy Committee",https://www.legistorm.com/person/bio/442803/Walter_Hudson.html
38479273,"State Rep.",John,Huot,,"John Duffy Huot (John)",Democratic-Farmer-Labor,MN,"District 56B",House,,"Centennial Office Building","658 Cedar St., Fifth Floor","St. Paul",MN,55155,,rep.john.huot@house.mn.gov,,651-296-4306,,,"Minnesota House Commerce Finance and Policy Committee; Minnesota House Health Finance and Policy Committee; Minnesota House Taxes Committee",https://www.legistorm.com/person/bio/312840/John_Duffy_Huot.html
39032158,"State Rep.",Spencer,Igo,,"Spencer R. Igo (Spencer)",Republican,MN,"District 7A",House,,"Centennial Office Building","658 Cedar St., Second Floor","St. Paul",MN,55155,,rep.spencer.igo@house.mn.gov,,651-296-4936,,"MN, 218-244-1295","Minnesota House Energy Finance and Policy Committee; Minnesota House Housing Finance and Policy Committee; Minnesota House Ways and Means Committee",https://www.legistorm.com/person/bio/317335/Spencer_R_Igo.html
32076385,"State Sen.",John,Jasinski,,"John R. Jasinski (John)",Republican,MN,"District 19",Senate,"Room: 2227","Minnesota Senate Building","95 University Ave. West","St. Paul",MN,55155,,sen.john.jasinski@senate.mn,,651-296-0284,,,"Minnesota Senate Capital Investment Committee; Minnesota Senate Finance Committee; Minnesota Senate Transportation Committee",https://www.legistorm.com/person/bio/260784/John_R_Jasinski.html
32075401,"State Sen.",Mark,Johnson,,"Mark Timothy Johnson (Mark)",Republican,MN,"District 1",Senate,"Room: 2401","Minnesota Senate Building","95 University Ave. West","St. Paul",MN,55155,,sen.mark.johnson@senate.mn,,651-296-5782,,,"Minnesota Senate Finance Committee; Minnesota Senate Rules and Administration Committee",https://www.legistorm.com/person/bio/260776/Mark_Timothy_Johnson.html
63583204,"State Rep.",Pete,Johnson,,"Peter Johnson (Pete)",Democratic-Farmer-Labor,MN,"District 8A",House,,"Centennial Office Building","658 Cedar St., Fifth Floor","St. Paul",MN,55155,,rep.pete.johnson@house.mn.gov,,651-296-4246,,,"Minnesota House Education Finance Committee; Minnesota House Public Safety Finance and Policy Committee; Minnesota House Workforce, Labor and Economic Development Finance and Policy Committee",https://www.legistorm.com/person/bio/516937/Peter_Johnson.html
47641051,"State Sen.",Ann,"Johnson Stewart",,"Ann M. Johnson Stewart (Ann)",Democratic-Farmer-Labor,MN,"District 45",Senate,"Room: 3211","Minnesota Senate Building","95 University Ave. West","St. Paul",MN,55155,,sen.ann.johnson.stewart@senate.mn,,651-296-9261,,,"Minnesota Senate Capital Investment Committee; Minnesota Senate Environment, Climate and Legacy Committee; Minnesota Senate State and Local Government Committee; Minnesota Senate Transportation Committee",https://www.legistorm.com/person/bio/387326/Ann_M_Johnson_Stewart.html
44497909,"State Rep.",Sydney,Jordan,,"Sydney Jordan (Sydney)",Democratic-Farmer-Labor,MN,"District 60A",House,,"Centennial Office Building","658 Cedar St., Fifth Floor","St. Paul",MN,55155,,rep.sydney.jordan@house.mn.gov,,651-296-4219,,,"Minnesota House Education Policy Committee; Minnesota House Environment and Natural Resources Finance and Policy Committee; Minnesota House Rules and Legislative Administration Committee",https://www.legistorm.com/person/bio/361772/Sydney_Jordan.html
54466813,"State Rep.",Jim,Joy,,"James Joy (Jim)",Republican,MN,"District 4B",House,,"Centennial Office Building","658 Cedar St., Second Floor","St. Paul",MN,55155,,rep.jim.joy@house.mn.gov,,651-296-6829,,,"Minnesota House State Government Finance and Policy Committee; Minnesota House Taxes Committee; Minnesota House Transportation Finance and Policy Committee",https://www.legistorm.com/person/bio/442820/James_Joy.html
47637853,"State Rep.",Heather,Keeler,,"Heather Keeler (Heather)",Democratic-Farmer-Labor,MN,"District 4A",House,,"Centennial Office Building","658 Cedar St., Fifth Floor","St. Paul",MN,55155,,rep.heather.keeler@house.mn.gov,,651-296-5515,,,"Minnesota House Education Policy Committee; Minnesota House Health Finance and Policy Committee; Minnesota House Human Services Finance and Policy Committee",https://www.legistorm.com/person/bio/387300/Heather_Keeler.html
32076877,"State Sen.",Matt,Klein,,"Matthew David Klein (Matt)",Democratic-Farmer-Labor,MN,"District 53",Senate,"Room: 2105","Minnesota Senate Building","95 University Ave. West","St. Paul",MN,55155,,sen.matt.klein@senate.mn,,651-296-4370,,,"Minnesota Senate Commerce and Consumer Protection Committee; Minnesota Senate Energy, Utilities, Environment and Climate Committee",https://www.legistorm.com/person/bio/260788/Matthew_David_Klein.html
54467674,"State Rep.",Krista,Knudsen,,"Krista Knudsen (Krista)",Republican,MN,"District 5A",House,,"Centennial Office Building","658 Cedar St., Second Floor","St. Paul",MN,55155,,rep.krista.knudsen@house.mn.gov,,651-296-9918,,,"Minnesota House Education Finance Committee; Minnesota House Health Finance and Policy Committee; Minnesota House Human Services Finance and Policy Committee",https://www.legistorm.com/person/bio/442827/Krista_Knudsen.html
32078353,"State Rep.",Erin,Koegel,,"Erin Anderson Koegel (Erin)",Democratic-Farmer-Labor,MN,"District 39A",House,,"Centennial Office Building","658 Cedar St., Fifth Floor","St. Paul",MN,55155,,rep.erin.koegel@house.mn.gov,,651-296-5369,,,"Minnesota House Commerce Finance and Policy Committee; Minnesota House Rules and Legislative Administration Committee; Minnesota House Transportation Finance and Policy Committee; Minnesota House Ways and Means Committee",https://www.legistorm.com/person/bio/260800/Erin_Anderson_Koegel.html
32076508,"State Sen.",Mark,Koran,,"Mark W. Koran (Mark)",Republican,MN,"District 28",Senate,"Room: 2203","Minnesota Senate Building","95 University Ave. West","St. Paul",MN,55155,,sen.mark.koran@senate.mn,,651-296-5419,,,"Minnesota Senate Elections Committee; Minnesota Senate Health and Human Services Committee; Minnesota Senate State and Local Government Committee",https://www.legistorm.com/person/bio/260785/Mark_W_Koran.html
38479519,"State Rep.",Carlie,Kotyza-Witthuhn,,"Carlie Kotyza-Witthuhn (Carlie)",Democratic-Farmer-Labor,MN,"District 49B",House,,"Centennial Office Building","658 Cedar St., Fifth Floor","St. Paul",MN,55155,,rep.carlie.kotyza-witthuhn@house.mn.gov,,651-296-7449,,,"Minnesota House Children and Families Finance and Policy Committee; Minnesota House Commerce Finance and Policy Committee; Minnesota House Ways and Means Committee",https://www.legistorm.com/person/bio/312842/Carlie_Kotyza_Witthuhn.html
54468658,"State Rep.",Liish,Kozlowski,,"Alicia Kozlowski (Liish)",Democratic-Farmer-Labor,MN,"District 8B",House,,"Centennial Office Building","658 Cedar St., Fifth Floor","St. Paul",MN,55155,,rep.alicia.kozlowski@house.mn.gov,,651-296-2228,,,"Minnesota House Housing Finance and Policy Committee; Minnesota House Taxes Committee; Minnesota House Workforce, Labor and Economic Development Finance and Policy Committee",https://www.legistorm.com/person/bio/442835/Alicia_Kozlowski.html
29431270,"State Rep.",Jon,Koznick,,"Jon Koznick (Jon)",Republican,MN,"District 57A",House,,"Centennial Office Building","658 Cedar St., Second Floor","St. Paul",MN,55155,,rep.jon.koznick@house.mn.gov,,651-296-6926,,,"Minnesota House Capital Investment Committee; Minnesota House State Government Finance and Policy Committee; Minnesota House Transportation Finance and Policy Committee; Minnesota House Ways and Means Committee",https://www.legistorm.com/person/bio/239279/Jon_Koznick.html
54466321,"State Rep.",Larry,Kraft,,"Larry Kraft (Larry)",Democratic-Farmer-Labor,MN,"District 46A",House,,"Centennial Office Building","658 Cedar St., Fifth Floor","St. Paul",MN,55155,,rep.larry.kraft@house.mn.gov,,651-296-7026,,"MN, 952-715-7535","Minnesota House Energy Finance and Policy Committee; Minnesota House State Government Finance and Policy Committee; Minnesota House Transportation Finance and Policy Committee",https://www.legistorm.com/person/bio/442816/Larry_Kraft.html
29431762,"State Rep.",Ron,Kresha,,"Ron Kresha (Ron)",Republican,MN,"District 10A",House,,"Centennial Office Building","658 Cedar St., Second Floor","St. Paul",MN,55155,,rep.ron.kresha@house.mn.gov,,651-296-4247,,,"Minnesota House Commerce Finance and Policy Committee; Minnesota House Education Finance Committee; Minnesota House Ways and Means Committee",https://www.legistorm.com/person/bio/239283/Ron_Kresha.html
54470380,"State Sen.",Michael,Kreun,,"Michael Eugene Kreun (Michael)",Republican,MN,"District 32",Senate,"Room: 2321","Minnesota Senate Building","95 University Ave. West","St. Paul",MN,55155,,sen.michael.kreun@senate.mn,,651-296-1282,,,"Minnesota Senate Capital Investment Committee; Minnesota Senate Education Finance Committee; Minnesota Senate Judiciary and Public Safety Committee",https://www.legistorm.com/person/bio/442849/Michael_Eugene_Kreun.html
54469150,"State Sen.",Rob,Kupec,,"Robert J. Kupec (Rob)",Democratic-Farmer-Labor,MN,"District 4",Senate,"Room: 3101","Minnesota Senate Building","95 University Ave. West","St. Paul",MN,55155,,sen.robert.kupec@senate.mn,,651-296-3205,,,"Minnesota Senate Agriculture, Veterans, Broadband and Rural Development Committee; Minnesota Senate Health and Human Services Committee; Minnesota Senate Higher Education Committee; Minnesota Senate Labor Committee",https://www.legistorm.com/person/bio/442839/Robert_J_Kupec.html
32075893,"State Sen.",Andrew,Lang,,"Andrew R. Lang (Andrew)",Republican,MN,"District 16",Senate,"Room: 2205","Minnesota Senate Building","95 University Ave. West","St. Paul",MN,55155,,sen.andrew.lang@senate.mn,,651-296-4918,,,"Minnesota Senate Education Finance Committee; Minnesota Senate Environment, Climate and Legacy Committee; Minnesota Senate State and Local Government Committee; Minnesota Senate Transportation Committee",https://www.legistorm.com/person/bio/260780/Andrew_R_Lang.html
24135874,"State Sen.",Ron,Latz,,"Ronald Steven Latz (Ron)",Democratic-Farmer-Labor,MN,"District 46",Senate,"Room: 3105","Minnesota Senate Building","95 University Ave. West","St. Paul",MN,55155,,sen.ron.latz@senate.mn,,651-297-8065,,,"Minnesota Senate Commerce and Consumer Protection Committee; Minnesota Senate Judiciary and Public Safety Committee",https://www.legistorm.com/person/bio/196227/Ronald_Steven_Latz.html
60616198,"State Rep.",Bryan,Lawrence,,"Bryan Lawrence (Bryan)",Republican,MN,"District 27B",House,,"Centennial Office Building","658 Cedar St., Second Floor","St. Paul",MN,55155,,rep.bryan.lawrence@house.mn.gov,,651-296-5364,,,"Minnesota House Agriculture Finance and Policy Committee; Minnesota House Education Finance Committee; Minnesota House Education Policy Committee",https://www.legistorm.com/person/bio/492815/Bryan_Lawrence.html
32079583,"State Rep.",Fue,Lee,,"Fue Lee (Fue)",Democratic-Farmer-Labor,MN,"District 59A",House,,"Centennial Office Building","658 Cedar St., Fifth Floor","St. Paul",MN,55155,,rep.fue.lee@house.mn.gov,,651-296-4262,,,"Minnesota House Agriculture Finance and Policy Committee; Minnesota House Capital Investment Committee",https://www.legistorm.com/person/bio/260810/Fue_Lee.html
69204919,"State Rep.",Xp,Lee,,"Xiongpao Lee (Xp)",Democratic-Farmer-Labor,MN,"District 34B",House,,"Centennial Office Building","658 Cedar St., Fifth Floor","St. Paul",MN,55155,,rep.xp.lee@house.mn.gov,,651-296-4280,,,"Minnesota House Children and Families Finance and Policy Committee; Minnesota House Health Finance and Policy Committee; Minnesota House Veterans and Military Affairs Division Committee",https://www.legistorm.com/person/bio/562642/Xiongpao_Lee.html
24122590,"State Rep.",Tina,Liebling,,"Tina Liebling (Tina)",Democratic-Farmer-Labor,MN,"District 24B",House,,"Centennial Office Building","658 Cedar St., Fifth Floor","St. Paul",MN,55155,,rep.tina.liebling@house.mn.gov,,651-296-0573,,,"Minnesota House Health Finance and Policy Committee; Minnesota House Higher Education Finance and Policy Committee; Minnesota House Judiciary Finance and Civil Law Committee",https://www.legistorm.com/person/bio/196119/Tina_Liebling.html
24128740,"State Rep.",Leon,Lillie,,"Leon Michael Lillie (Leon)",Democratic-Farmer-Labor,MN,"District 44B",House,,"Centennial Office Building","658 Cedar St., Fifth Floor","St. Paul",MN,55155,,rep.leon.lillie@house.mn.gov,,651-296-1188,,,"Minnesota House Capital Investment Committee; Minnesota House Legacy Finance Committee; Minnesota House Ways and Means Committee",https://www.legistorm.com/person/bio/196169/Leon_Michael_Lillie.html
24136120,"State Sen.",Warren,Limmer,,"Warren E. Limmer (Warren)",Republican,MN,"District 37",Senate,"Room: 2221","Minnesota Senate Building","95 University Ave. West","St. Paul",MN,55155,,sen.warren.limmer@senate.mn,,651-296-2159,,,"Minnesota Senate Elections Committee; Minnesota Senate Judiciary and Public Safety Committee; Minnesota Senate Rules and Administration Committee",https://www.legistorm.com/person/bio/196229/Warren_E_Limmer.html
29587234,"State Sen.",Eric,Lucero,,"Eric Lucero (Eric)",Republican,MN,"District 30",Senate,"Room: 2413","Minnesota Senate Building","95 University Ave. West","St. Paul",MN,55155,,sen.eric.lucero@senate.mn,,651-296-5655,,,"Minnesota Senate Education Finance Committee; Minnesota Senate Elections Committee; Minnesota Senate Housing and Homelessness Prevention Committee",https://www.legistorm.com/person/bio/240547/Eric_Lucero.html
71463937,"State Rep.",Meg,Luger-Nikolai,,"Margaret Agnes Luger-Nikolai (Meg)",Democratic-Farmer-Labor,MN,"District 64A",House,,"Centennial Office Building","658 Cedar St., Fifth Floor","St. Paul",MN,55155,,rep.meg.luger-nikolai@house.mn.gov,,651-296-8799,,,"Minnesota House Energy Finance and Policy Committee; Minnesota House State Government Finance and Policy Committee; Minnesota House Transportation Finance and Policy Committee",https://www.legistorm.com/person/bio/581008/Margaret_Agnes_Luger_Nikolai.html
63582958,"State Rep.",Anquam,Mahamoud,,"Anquam Mahamoud (Anquam)",Democratic-Farmer-Labor,MN,"District 62B",House,,"Centennial Office Building","658 Cedar St., Fifth Floor","St. Paul",MN,55155,,rep.anquam.mahamoud@house.mn.gov,,651-296-0294,,,"Minnesota House Energy Finance and Policy Committee; Minnesota House Health Finance and Policy Committee; Minnesota House Judiciary Finance and Civil Law Committee",https://www.legistorm.com/person/bio/516935/Anquam_Mahamoud.html
28376053,"State Sen.",Andrew,Mathews,,"Andrew M. Mathews (Andrew)",Republican,MN,"District 27",Senate,"Room: 2233","Minnesota Senate Building","95 University Ave. West","St. Paul",MN,55155,,sen.andrew.mathews@senate.mn,,651-296-8075,,,"Minnesota Senate Elections Committee; Minnesota Senate Energy, Utilities, Environment and Climate Committee; Minnesota Senate State and Local Government Committee",https://www.legistorm.com/person/bio/230700/Andrew_M_Mathews.html
28421563,"State Sen.",Erin,"Maye Quade",,"Erin K. Maye Quade (Erin)",Democratic-Farmer-Labor,MN,"District 56",Senate,"Room: 3227","Minnesota Senate Building","95 University Ave. West","St. Paul",MN,55155,,"sen.erin.mayequade@mnsenate.gov  sen.erin.mayequade@senate.mn",,651-296-4120,,,"Minnesota Senate Education Finance Committee; Minnesota Senate Education Policy Committee; Minnesota Senate Human Services Committee; Minnesota Senate State and Local Government Committee",https://www.legistorm.com/person/bio/231070/Erin_K_Maye_Quade.html
24120007,"State Rep.",Joe,McDonald,,"Joseph P. McDonald (Joe)",Republican,MN,"District 29A",House,,"Centennial Office Building","658 Cedar St., Second Floor","St. Paul",MN,55155,,rep.joe.mcdonald@house.mn.gov,,651-296-4336,,,"Minnesota House Children and Families Finance and Policy Committee; Minnesota House Elections Finance and Government Operations Committee; Minnesota House Legacy Finance Committee",https://www.legistorm.com/person/bio/196098/Joseph_P_McDonald.html
47640559,"State Sen.",Jen,McEwen,,"Jennifer Anne McEwen (Jen)",Democratic-Farmer-Labor,MN,"District 8",Senate,"Room: 3217","Minnesota Senate Building","95 University Ave. West","St. Paul",MN,55155,,sen.jennifer.mcewen@senate.mn,,651-296-4188,,,"Minnesota Senate Energy, Utilities, Environment and Climate Committee; Minnesota Senate Environment, Climate and Legacy Committee; Minnesota Senate Labor Committee; Minnesota Senate Transportation Committee",https://www.legistorm.com/person/bio/387322/Jennifer_Anne_McEwen.html
38480134,"State Rep.",Shane,Mekeland,,"Shane Mekeland (Shane)",Republican,MN,"District 27A",House,,"Centennial Office Building","658 Cedar St., Second Floor","St. Paul",MN,55155,,rep.shane.mekeland@house.mn.gov,,651-296-2451,,,"Minnesota House Energy Finance and Policy Committee; Minnesota House Housing Finance and Policy Committee; Minnesota House Workforce, Labor and Economic Development Finance and Policy Committee",https://www.legistorm.com/person/bio/312847/Shane_Mekeland.html
24136981,"State Sen.",Jeremy,Miller,,"Jeremy R. Miller (Jeremy)",Republican,MN,"District 26",Senate,"Room: 2215","Minnesota Senate Building","95 University Ave. West","St. Paul",MN,55155,,sen.jeremy.miller@mnsenate.gov,,651-296-5649,,,"Minnesota Senate Education Policy Committee; Minnesota Senate Rules and Administration Committee; Minnesota Senate Taxes Committee",https://www.legistorm.com/person/bio/196236/Jeremy_R_Miller.html
54471610,"State Sen.",Zaynab,Mohamed,,"Zaynab Mohamed (Zaynab)",Democratic-Farmer-Labor,MN,"District 63",Senate,"Room: 2103","Minnesota Senate Building","95 University Ave. West","St. Paul",MN,55155,,sen.zaynab.mohamed@senate.mn,,651-296-4274,,,"Minnesota Senate Capital Investment Committee; Minnesota Senate Finance Committee; Minnesota Senate Housing and Homelessness Prevention Committee; Minnesota Senate Human Services Committee; Minnesota Senate Jobs and Economic Development Committee",https://www.legistorm.com/person/bio/442859/Zaynab_Mohamed.html
38480257,"State Rep.",Kelly,Moller,,"Kelly O'Neill Moller (Kelly)",Democratic-Farmer-Labor,MN,"District 40A",House,,"Centennial Office Building","658 Cedar St., Fifth Floor","St. Paul",MN,55155,,rep.kelly.moller@house.mn.gov,,651-296-0141,,,"Minnesota House Ethics Committee; Minnesota House Judiciary Finance and Civil Law Committee; Minnesota House Public Safety Finance and Policy Committee; Minnesota House Ways and Means Committee",https://www.legistorm.com/person/bio/312848/Kelly_O_Neill_Moller.html
63582097,"State Rep.",Huldah,Hiltsley,,"Huldah Momanyi-Hiltsley (Huldah)",Democratic-Farmer-Labor,MN,"District 38A",House,,"Centennial Office Building","658 Cedar St., Fifth Floor","St. Paul",MN,55155,,rep.huldah.momanyi-hiltsley@house.mn.gov,,651-296-3751,,"MN, 612-703-5729","Minnesota House Housing Finance and Policy Committee; Minnesota House Human Services Finance and Policy Committee; Minnesota House Legacy Finance Committee",https://www.legistorm.com/person/bio/516928/Huldah_Momanyi_Hiltsley.html
47638837,"State Rep.",Patty,Mueller,,"Patricia Mueller (Patty)",Republican,MN,"District 23B",House,,"Centennial Office Building","658 Cedar St., Second Floor","St. Paul",MN,55155,,rep.patricia.mueller@house.mn.gov,,651-296-4193,,,"Minnesota House Education Finance Committee; Minnesota House Education Policy Committee; Minnesota House Workforce, Labor and Economic Development Finance and Policy Committee",https://www.legistorm.com/person/bio/387308/Patricia_Mueller.html
24130954,"State Sen.",Erin,Murphy,,"Erin P. Murphy (Erin)",Democratic-Farmer-Labor,MN,"District 64",Senate,"Room: 3113","Minnesota Senate Building","95 University Ave. West","St. Paul",MN,55155,,sen.erin.murphy@senate.mn,,651-296-5931,,,"Minnesota Senate Finance Committee; Minnesota Senate Rules and Administration Committee",https://www.legistorm.com/person/bio/196187/Erin_P_Murphy.html
54468781,"State Rep.",Tom,Murphy,,"Tom Murphy (Tom)",Republican,MN,"District 9B",House,,"Centennial Office Building","658 Cedar St., Second Floor","St. Paul",MN,55155,,rep.tom.murphy@house.mn.gov,,651-296-4946,,"MN, 218-640-1707","Minnesota House Energy Finance and Policy Committee; Minnesota House Human Services Finance and Policy Committee; Minnesota House Transportation Finance and Policy Committee",https://www.legistorm.com/person/bio/442836/Tom_Murphy.html
54466198,"State Rep.",Andrew,Myers,,"Andrew Clifford Myers (Andrew)",Republican,MN,"District 45A",House,,"Centennial Office Building","658 Cedar St., Second Floor","St. Paul",MN,55155,,rep.andrew.myers@house.mn.gov,,651-296-9188,,,"Minnesota House Capital Investment Committee; Minnesota House Ethics Committee; Minnesota House Housing Finance and Policy Committee; Minnesota House Transportation Finance and Policy Committee",https://www.legistorm.com/person/bio/442815/Andrew_Clifford_Myers.html
54465460,"State Rep.",Danny,Nadeau,,"Danny Nadeau (Danny)",Republican,MN,"District 34A",House,,"Centennial Office Building","658 Cedar St., Second Floor","St. Paul",MN,55155,,rep.danny.nadeau@house.mn.gov,,651-296-4315,,,"Minnesota House Children and Families Finance and Policy Committee; Minnesota House Health Finance and Policy Committee",https://www.legistorm.com/person/bio/442809/Danny_Nadeau.html
24137104,"State Sen.",Carla,Nelson,,"Carla Jean Nelson (Carla)",Republican,MN,"District 24",Senate,"Room: 2301","Minnesota Senate Building","95 University Ave. West","St. Paul",MN,55155,,sen.carla.nelson@senate.mn,,651-296-4848,,,"Minnesota Senate Capital Investment Committee; Minnesota Senate Jobs and Economic Development Committee; Minnesota Senate Taxes Committee; Minnesota Senate Transportation Committee",https://www.legistorm.com/person/bio/196237/Carla_Jean_Nelson.html
39468931,"State Rep.",Nathan,Nelson,,"Nathan Nelson (Nathan)",Republican,MN,"District 11B",House,,"Centennial Office Building","658 Cedar St., Second Floor","St. Paul",MN,55155,,rep.nathan.nelson@house.mn.gov,,651-296-0518,,,"Minnesota House Agriculture Finance and Policy Committee; Minnesota House Children and Families Finance and Policy Committee; Minnesota House Environment and Natural Resources Finance and Policy Committee",https://www.legistorm.com/person/bio/320886/Nathan_Nelson.html
54464845,"State Rep.",Harry,Niska,,"Harry Niska (Harry)",Republican,MN,"District 31A",House,,"Centennial Office Building","658 Cedar St., Second Floor","St. Paul",MN,55155,,rep.harry.niska@house.mn.gov,,651-296-2439,,,"Minnesota House Rules and Legislative Administration Committee",https://www.legistorm.com/person/bio/442804/Harry_Niska.html
38480380,"State Rep.",Mohamud,Noor,,"Mohamud Noor (Mohamud)",Democratic-Farmer-Labor,MN,"District 60B",House,,"Centennial Office Building","658 Cedar St., Fifth Floor","St. Paul",MN,55155,,rep.mohamud.noor@house.mn.gov,,651-296-4257,,,"Minnesota House Higher Education Finance and Policy Committee; Minnesota House Human Services Finance and Policy Committee; Minnesota House Ways and Means Committee",https://www.legistorm.com/person/bio/312849/Mohamud_Noor.html
54465091,"State Rep.",Matt,Norris,,"Matthew Choromanski Norris (Matt)",Democratic-Farmer-Labor,MN,"District 32B",House,,"Centennial Office Building","658 Cedar St., Fifth Floor","St. Paul",MN,55155,,rep.matt.norris@house.mn.gov,,651-296-2907,,,"Minnesota House Housing Finance and Policy Committee; Minnesota House Human Services Finance and Policy Committee; Minnesota House Taxes Committee",https://www.legistorm.com/person/bio/442806/Matthew_Choromanski_Norris.html
24118654,"State Rep.",Tim,O'Driscoll,,"Timothy J. O'Driscoll (Tim)",Republican,MN,"District 13B",House,,"Centennial Office Building","658 Cedar St., Second Floor","St. Paul",MN,55155,,rep.tim.odriscoll@house.mn.gov,,651-296-7808,,,"Minnesota House Commerce Finance and Policy Committee",https://www.legistorm.com/person/bio/196087/Timothy_J_O_Driscoll.html
47638591,"State Rep.",Bjorn,Olson,,"Christian Bjorn Olson (Bjorn)",Republican,MN,"District 22A",House,,"Centennial Office Building","658 Cedar St., Second Floor","St. Paul",MN,55155,,rep.bjorn.olson@house.mn.gov,,651-296-3240,,,"Minnesota House Children and Families Finance and Policy Committee; Minnesota House Legacy Finance Committee; Minnesota House Transportation Finance and Policy Committee; Minnesota House Veterans and Military Affairs Division Committee; Minnesota House Ways and Means Committee",https://www.legistorm.com/person/bio/387306/Christian_Bjorn_Olson.html
54471733,"State Sen.",Clare,"Oumou Verbeten",,"Clare Oumou Verbeten (Clare)",Democratic-Farmer-Labor,MN,"District 66",Senate,"Room: 2101","Minnesota Senate Building","95 University Ave. West","St. Paul",MN,55155,,sen.clare.oumou.verbeten@senate.mn,,651-296-8866,,,"Minnesota Senate Education Finance Committee; Minnesota Senate Higher Education Committee; Minnesota Senate Judiciary and Public Safety Committee; Minnesota Senate Labor Committee",https://www.legistorm.com/person/bio/442860/Clare_Oumou_Verbeten.html
24137719,"State Sen.",Sandy,Pappas,,"Sandra L. Pappas (Sandy)",Democratic-Farmer-Labor,MN,"District 65",Senate,"Room: 2113","Minnesota Senate Building","95 University Ave. West","St. Paul",MN,55155,,sen.sandra.parry@senate.mn,,651-296-1802,,,"Minnesota Senate Capital Investment Committee; Minnesota Senate Finance Committee; Minnesota Senate Judiciary and Public Safety Committee; Minnesota Senate Labor Committee; Minnesota Senate Rules and Administration Committee",https://www.legistorm.com/person/bio/196242/Sandra_L_Pappas.html
54468166,"State Rep.","Maria Isa",Perez-Vega,,"Maria Isa Perez-Vega (Maria Isa)",Democratic-Farmer-Labor,MN,"District 65B",House,,"Centennial Office Building","658 Cedar St., Fifth Floor","St. Paul",MN,55155,,rep.maria.isa.perez-vega@house.mn.gov,,651-296-9714,,,"Minnesota House Capital Investment Committee; Minnesota House Children and Families Finance and Policy Committee; Minnesota House Education Finance Committee",https://www.legistorm.com/person/bio/442831/Mar_a_Isa_P_rez_Vega.html
54463615,"State Rep.",Bernie,Perryman,,"Bernadette Perryman (Bernie)",Republican,MN,"District 14A",House,,"Centennial Office Building","658 Cedar St., Second Floor","St. Paul",MN,55155,,rep.bernie.perryman@house.mn.gov,,651-296-6316,,"MN, 320-292-5960","Minnesota House Commerce Finance and Policy Committee; Minnesota House Health Finance and Policy Committee",https://www.legistorm.com/person/bio/442794/Bernadette_Perryman.html
54470626,"State Sen.",Susan,Pha,,"Susan Kaying Pha (Susan)",Democratic-Farmer-Labor,MN,"District 38",Senate,"Room: 3233","Minnesota Senate Building","95 University Ave. West","St. Paul",MN,55155,,sen.susan.pha@senate.mn,,651-296-2556,,,"Minnesota Senate Capital Investment Committee; Minnesota Senate Housing and Homelessness Prevention Committee; Minnesota Senate Jobs and Economic Development Committee; Minnesota Senate Transportation Committee",https://www.legistorm.com/person/bio/442851/Susan_Kaying_Pha.html
47641297,"State Sen.",Lindsey,Port,,"Lindsey Port (Lindsey)",Democratic-Farmer-Labor,MN,"District 55",Senate,"Room: 3213","Minnesota Senate Building","95 University Ave. West","St. Paul",MN,55155,,sen.lindsey.port@senate.mn,,651-296-5975,,,"Minnesota Senate Elections Committee; Minnesota Senate Health and Human Services Committee; Minnesota Senate Housing and Homelessness Prevention Committee",https://www.legistorm.com/person/bio/387328/Lindsey_Port.html
29589448,"State Sen.",Eric,Pratt,,"Eric R. Pratt (Eric)",Republican,MN,"District 54",Senate,"Room: 2217","Minnesota Senate Building","95 University Ave. West","St. Paul",MN,55155,,sen.eric.pratt@mnsenate.gov,,651-296-4123,,,"Minnesota Senate Capital Investment Committee; Minnesota Senate Finance Committee; Minnesota Senate Jobs and Economic Development Committee",https://www.legistorm.com/person/bio/240565/Eric_R_Pratt.html
54467551,"State Rep.",Kristi,Pursell,,"Kristi Achor Pursell (Kristi)",Democratic-Farmer-Labor,MN,"District 58A",House,,"Centennial Office Building","658 Cedar St., Fifth Floor","St. Paul",MN,55155,,rep.kristi.pursell@house.mn.gov,,651-296-0171,,,"Minnesota House Environment and Natural Resources Finance and Policy Committee; Minnesota House Health Finance and Policy Committee; Minnesota House Rules and Legislative Administration Committee",https://www.legistorm.com/person/bio/442826/Kristi_Achor_Pursell.html
48024565,"State Sen.",Aric,Putnam,,"Aric Putnam (Aric)",Democratic-Farmer-Labor,MN,"District 14",Senate,"Room: 3215","Minnesota Senate Building","95 University Ave. West","St. Paul",MN,55155,,sen.aric.putnam@senate.mn,,651-296-6455,,,"Minnesota Senate Agriculture, Veterans, Broadband and Rural Development Committee; Minnesota Senate Higher Education Committee; Minnesota Senate Housing and Homelessness Prevention Committee; Minnesota Senate Taxes Committee",https://www.legistorm.com/person/bio/390444/Aric_Putnam.html
29586004,"State Rep.",Marion,Rarick,,"Marion Daniels Rarick (Marion)",Republican,MN,"District 29B",House,,"Centennial Office Building","658 Cedar St., Second Floor","St. Paul",MN,55155,,rep.marion.rarick@house.mn.gov,,651-296-5063,,,"Minnesota House Fraud Prevention and State Agency Oversight Policy; Minnesota House Higher Education Finance and Policy Committee; Minnesota House Judiciary Finance and Civil Law Committee; Minnesota House Ways and Means Committee",https://www.legistorm.com/person/bio/240537/Marion_Daniels_Rarick.html
54466690,"State Rep.",Lucy,Rehm,,"Lucille Rehm (Lucy)",Democratic-Farmer-Labor,MN,"District 48B",House,,"Centennial Office Building","658 Cedar St., Fifth Floor","St. Paul",MN,55155,,rep.lucy.rehm@house.mn.gov,,651-296-5066,,,"Minnesota House Education Finance Committee; Minnesota House Public Safety Finance and Policy Committee; Minnesota House Transportation Finance and Policy Committee",https://www.legistorm.com/person/bio/442819/Lucille_Rehm.html
63662293,"State Rep.",Kari,Rehrauer,,"Kari Rehrauer (Kari)",Democratic-Farmer-Labor,MN,"District 35B",House,,"Centennial Office Building","658 Cedar St., Fifth Floor","St. Paul",MN,55155,,rep.kari.rehrauer@house.mn.gov,,651-296-1729,,,"Minnesota House Education Finance Committee; Minnesota House Housing Finance and Policy Committee; Minnesota House Veterans and Military Affairs Division Committee",https://www.legistorm.com/person/bio/517580/Kari_Rehrauer.html
24138334,"State Sen.",Ann,Rest,,"Ann H. Rest (Ann)",Democratic-Farmer-Labor,MN,"District 43",Senate,"Room: 328","Capitol Building","75 Rev. Dr. Martin Luther King Jr. Blvd.","St. Paul",MN,55155,,sen.ann.rest@senate.mn,,651-296-2889,,,"Minnesota Senate Commerce and Consumer Protection Committee; Minnesota Senate Rules and Administration Committee; Minnesota Senate Taxes Committee",https://www.legistorm.com/person/bio/196247/Ann_H_Rest.html
63582712,"State Rep.",Drew,Roach,,"Drew William Roach (Drew)",Republican,MN,"District 58B",House,,"Centennial Office Building","658 Cedar St., Second Floor","St. Paul",MN,55155,,rep.drew.roach@house.mn.gov,,651-296-1069,,"MN, 612-296-4237","Minnesota House Education Policy Committee; Minnesota House Elections Finance and Government Operations Committee; Minnesota House Taxes Committee",https://www.legistorm.com/person/bio/516933/Drew_William_Roach.html
24120622,"State Rep.",Joe,Schomacker,,"Joseph Roy Schomacker (Joe)",Republican,MN,"District 21A",House,,"Centennial Office Building","658 Cedar St., Second Floor","St. Paul",MN,55155,,rep.joe.schomacker@house.mn.gov,,651-296-5505,,,"Minnesota House Health Finance and Policy Committee; Minnesota House Human Services Finance and Policy Committee; Minnesota House Ways and Means Committee",https://www.legistorm.com/person/bio/196103/Joseph_Roy_Schomacker.html
63580990,"State Rep.",Erica,Schwartz,,"Erica Schwartz (Erica)",Republican,MN,"District 18A",House,,"Centennial Office Building","658 Cedar St., Second Floor","St. Paul",MN,55155,,rep.erica.schwartz@house.mn.gov,,651-296-8634,,,"Minnesota House Higher Education Finance and Policy Committee; Minnesota House Public Safety Finance and Policy Committee; Minnesota House Taxes Committee",https://www.legistorm.com/person/bio/516919/Erica_Schwartz.html
55308502,"State Sen.",Judy,Seeberger,,"Judy Seeberger (Judy)",Democratic-Farmer-Labor,MN,"District 41",Senate,"Room: 2109","Minnesota Senate Building","95 University Ave. West","St. Paul",MN,55155,,sen.judy.seeberger@senate.mn,,651-297-8060,,,"Minnesota Senate Agriculture, Veterans, Broadband and Rural Development Committee; Minnesota Senate Commerce and Consumer Protection Committee; Minnesota Senate Judiciary and Public Safety Committee",https://www.legistorm.com/person/bio/449663/Judy_Seeberger.html
55326829,"State Rep.",Roger,Skraba,,"Roger J. Skraba (Roger)",Republican,MN,"District 3A",House,,"Centennial Office Building","658 Cedar St., Second Floor","St. Paul",MN,55155,,rep.roger.skraba@house.mn.gov,,651-296-2190,,,"Minnesota House Capital Investment Committee; Minnesota House Housing Finance and Policy Committee; Minnesota House Legacy Finance Committee; Minnesota House Transportation Finance and Policy Committee",https://www.legistorm.com/person/bio/449812/Roger_J_Skraba.html
38480872,"State Rep.",Zack,Stephenson,,"Zachary Lee Stephenson (Zack)",Democratic-Farmer-Labor,MN,"District 35A",House,,"Centennial Office Building","658 Cedar St., Fifth Floor","St. Paul",MN,55155,,rep.zack.stephenson@house.mn.gov,,651-296-5513,,,,https://www.legistorm.com/person/bio/312853/Zachary_Lee_Stephenson.html
63581482,"State Rep.",Terry,Stier,,"Terry M. Stier (Terry)",Republican,MN,"District 22B",House,,"Centennial Office Building","658 Cedar St., Second Floor","St. Paul",MN,55155,,rep.terry.stier@house.mn.gov,,651-296-7065,,"MN, 952-292-0638","Minnesota House Judiciary Finance and Civil Law Committee; Minnesota House Public Safety Finance and Policy Committee; Minnesota House Rules and Legislative Administration Committee",https://www.legistorm.com/person/bio/516923/Terry_M_Stier.html
1749259,"State Rep.",Chris,Swedzinski,,"Christopher Thomas Swedzinski (Chris)",Republican,MN,"District 15A",House,,"Centennial Office Building","658 Cedar St., Second Floor","St. Paul",MN,55155,,rep.chris.swedzinski@house.mn.gov,,651-296-5374,,"MN, 507-829-7754","Minnesota House Energy Finance and Policy Committee; Minnesota House Taxes Committee; Minnesota House Ways and Means Committee",https://www.legistorm.com/person/bio/14222/Christopher_Thomas_Swedzinski.html
38480995,"State Rep.",Brad,Tabke,,"Brad Tabke (Brad)",Democratic-Farmer-Labor,MN,"District 54A",House,,"Centennial Office Building","658 Cedar St., Fifth Floor","St. Paul",MN,55155,,rep.brad.tabke@house.mn.gov,,651-296-8872,,,"Minnesota House Public Safety Finance and Policy Committee; Minnesota House Transportation Finance and Policy Committee",https://www.legistorm.com/person/bio/312854/Brad_Tabke.html
24120499,"State Rep.",Paul,Torkelson,,"Paul M. Torkelson (Paul)",Republican,MN,"District 15B",House,,"Centennial Office Building","658 Cedar St., Second Floor","St. Paul",MN,55155,,rep.paul.torkelson@house.mn.gov,,651-296-9303,,,"Minnesota House Ways and Means Committee",https://www.legistorm.com/person/bio/196102/Paul_M_Torkelson.html
32075524,"State Sen.",Paul,Utke,,"Paul J. Utke (Paul)",Republican,MN,"District 5",Senate,"Room: 2403","Minnesota Senate Building","95 University Ave. West","St. Paul",MN,55155,,sen.paul.utke@mnsenate.gov,,651-296-9651,,,"Minnesota Senate Health and Human Services Committee; Minnesota Senate Higher Education Committee; Minnesota Senate Human Services Committee",https://www.legistorm.com/person/bio/260777/Paul_J_Utke.html
63580867,"State Rep.",Scott,"Van Binsbergen",,"Scott Van Binsbergen (Scott)",Republican,MN,"District 16A",House,,"Centennial Office Building","658 Cedar St., Second Floor","St. Paul",MN,55155,,rep.scott.vanbinsbergen@house.mn.gov,,651-296-4344,,,"Minnesota House Commerce Finance and Policy Committee; Minnesota House Health Finance and Policy Committee",https://www.legistorm.com/person/bio/516918/Scott_Van_Binsbergen.html
63583081,"State Rep.",Cal,Warwas,,"Cal Warwas (Cal)",Republican,MN,"District 7B",House,,"Centennial Office Building","658 Cedar St., Second Floor","St. Paul",MN,55155,,rep.cal.warwas@house.mn.gov,,651-296-0170,,,"Minnesota House Environment and Natural Resources Finance and Policy Committee; Minnesota House Taxes Committee",https://www.legistorm.com/person/bio/516936/Cal_Warwas.html
29843074,"State Sen.",Bill,Weber,,"William Weber (Bill)",Republican,MN,"District 21",Senate,"Room: 2211","Minnesota Senate Building","95 University Ave. West","St. Paul",MN,55155,,sen.bill.weber@senate.mn,,651-296-5650,,,"Minnesota Senate Energy, Utilities, Environment and Climate Committee; Minnesota Senate Taxes Committee",https://www.legistorm.com/person/bio/242627/William_Weber.html
54469519,"State Sen.",Nathan,Wesenberg,,"Nathan Wesenberg (Nathan)",Republican,MN,"District 10",Senate,"Room: 2325","Minnesota Senate Building","95 University Ave. West","St. Paul",MN,55155,,sen.nathan.wesenberg@mnsenate.gov,,651-296-4913,,,"Minnesota Senate Education Policy Committee; Minnesota Senate Environment, Climate and Legacy Committee; Minnesota Senate Labor Committee",https://www.legistorm.com/person/bio/442842/Nathan_Wesenberg.html
54470749,"State Sen.",Bonnie,Westlin,,"Bonnie Sue Westlin (Bonnie)",Democratic-Farmer-Labor,MN,"District 42",Senate,"Room: 3201","Minnesota Senate Building","95 University Ave. West","St. Paul",MN,55155,,sen.bwestlin@senate.mn,,651-296-8869,,,"Minnesota Senate Education Finance Committee; Minnesota Senate Elections Committee; Minnesota Senate Judiciary and Public Safety Committee",https://www.legistorm.com/person/bio/442852/Bonnie_Sue_Westlin.html
24117916,"State Sen.",Torrey,Westrom,,"Torrey Norman Westrom (Torrey)",Republican,MN,"District 12",Senate,"Room: 2201","Minnesota Senate Building","95 University Ave. West","St. Paul",MN,55155,,sen.torrey.westrom@mnsenate.gov,,651-296-3826,,,"Minnesota Senate Agriculture, Veterans, Broadband and Rural Development Committee; Minnesota Senate Judiciary and Public Safety Committee",https://www.legistorm.com/person/bio/196081/Torrey_Norman_Westrom.html
29474935,"State Sen.",Melissa,Wiklund,,"Melissa Halvorson Wiklund (Melissa)",Democratic-Farmer-Labor,MN,"District 51",Senate,"Room: 2107","Minnesota Senate Building","95 University Ave. West","St. Paul",MN,55155,,sen.melissa.wiklund@senate.mn,,651-297-8061,,,"Minnesota Senate Commerce and Consumer Protection Committee; Minnesota Senate Finance Committee; Minnesota Senate Health and Human Services Committee; Minnesota Senate Human Services Committee",https://www.legistorm.com/person/bio/239634/Melissa_Halvorson_Wiklund.html
38481487,"State Rep.",Dan,Wolgamott,,"Dan Wolgamott (Dan)",Democratic-Farmer-Labor,MN,"District 14B",House,,"Centennial Office Building","658 Cedar St., Fifth Floor","St. Paul",MN,55155,,rep.dan.wolgamott@house.mn.gov,,651-296-6612,,"MN, 320-828-2632","Minnesota House Higher Education Finance and Policy Committee",https://www.legistorm.com/person/bio/312858/Dan_Wolgamott.html
38481733,"State Rep.",Jay,Xiong,,"Jay Xiong (Jay)",Democratic-Farmer-Labor,MN,"District 67B",House,,"Centennial Office Building","658 Cedar St., Fifth Floor","St. Paul",MN,55155,,rep.jay.xiong@house.mn.gov,,651-296-4201,,,"Minnesota House Capital Investment Committee; Minnesota House Legacy Finance Committee; Minnesota House Veterans and Military Affairs Division Committee",https://www.legistorm.com/person/bio/312860/Jay_Xiong.html
38481610,"State Sen.",Tou,Xiong,,"Tou Xiong (Tou)",Democratic-Farmer-Labor,MN,"District 44",Senate,"Room: 3203","Minnesota Senate Building","95 University Ave. West","St. Paul",MN,55155,,sen.tou.xiong@senate.mn,,651-296-6820,,,"Minnesota Senate Capital Investment Committee; Minnesota Senate Energy, Utilities, Environment and Climate Committee; Minnesota Senate State and Local Government Committee",https://www.legistorm.com/person/bio/312859/Tou_Xiong.html
29476903,"State Rep.",Cheryl,Youakim,,"Cheryl Youakim (Cheryl)",Democratic-Farmer-Labor,MN,"District 46B",House,,"Centennial Office Building","658 Cedar St., Fifth Floor","St. Paul",MN,55155,,rep.cheryl.youakim@house.mn.gov,,651-296-9889,,,"Minnesota House Education Finance Committee; Minnesota House Taxes Committee; Minnesota House Ways and Means Committee",https://www.legistorm.com/person/bio/239650/Cheryl_Youakim.html
55326952,"State Rep.",Natalie,Zeleznikar,,"Natalie Zeleznikar (Natalie)",Republican,MN,"District 3B",House,,"Centennial Office Building","658 Cedar St., Second Floor","St. Paul",MN,55155,,rep.natalie.zeleznikar@house.mn.gov,,651-296-2676,,,"Minnesota House Children and Families Finance and Policy Committee; Minnesota House Health Finance and Policy Committee; Minnesota House Rules and Legislative Administration Committee; Minnesota House Workforce, Labor and Economic Development Finance and Policy Committee",https://www.legistorm.com/person/bio/449813/Natalie_Zeleznikar.html
