"target","target_label","n","mean_score","sd_score","var_score"
"d_child_abc","Child",2205,83.4036281179138,21.0370079552486,442.555703709194
"d_moms_c","Moms",711,82.4838255977496,19.4244496720628,377.309245062501
"d_elderly_c","Elderly",711,82.2742616033755,20.5078315163574,420.571153503301
"d_vets_b","Vets",747,82.2182061579652,20.71909120781,429.280740477548
"d_working_c","Working",711,81.5710267229255,19.7005098650861,388.110088944355
"d_solds_b","Solds",743,81.1399730820996,22.0960120927643,488.233750403587
"d_nurses_b","Nurses",743,80.2987886944818,20.2737222173663,411.023812546933
"d_essentials_b","Essentials",742,79.7991913746631,19.9975396433633,399.901591787887
"d_teachers_abc","Teachers",2204,79.4124319419238,21.0089804130476,441.377257995818
"d_sexhar_vict_c","Sexhar Vict",711,79.295358649789,23.0814227685184,532.752077019078
"d_retires_c","Retires",711,79.2165963431786,20.9230193389472,437.772738257958
"d_gunvi_vict_c","Gunvi Vict",711,78.6399437412096,22.5909063593668,510.349050137677
"d_taxpayers_c","Taxpayers",711,78.5513361462728,20.8066171838368,432.915318634734
"d_bluecol_c","Bluecol",711,78.4824191279887,20.2886053581565,411.627507379015
"d_smallbiz_c","Smallbiz",711,77.1631504922644,20.7145956076188,429.094471187179
"d_exon_a","Exon",754,76.9230769230769,23.0151384575999,529.696598222495
"d_poorfam_abc","Poorfam",2202,76.5690281562216,22.105484256648,488.652434220911
"d_medicare_abc","Medicare",2198,76.4740673339399,22.0209692534868,484.92308686301
"d_native_ind_abc","Native Ind",2200,76.3618181818182,22.7418435345972,517.191447352098
"d_polbrut_vict_c","Polbrut Vict",711,75.8818565400844,23.9728742231764,574.698698520233
"d_midclass_c","Midclass",711,75.4810126582278,20.9577540751505,439.227455874488
"d_military_b","Military",745,75.4563758389262,25.343840639358,642.310258353174
"d_voters_abc","Voters",2199,73.718963165075,22.1200537644537,489.296778542321
"d_longcov_a","Longcov",749,73.7116154873164,22.4883127383951,505.724209819865
"d_mentill_c","Mentill",711,73.6174402250352,24.4052044709588,595.614005269308
"d_collegewom_abc","Collegewom",2197,73.3122439690487,22.4550938298161,504.231238905846
"d_drs_b","Drs",742,73.1455525606469,22.443219111955,503.69808410722
"d_medicaid_abc","Medicaid",2200,72.5818181818182,22.3283129098937,498.553557402124
"d_homeown_c","Homeown",711,72.535864978903,21.5987361211819,466.505402032447
"d_blackwom_a","Blackwom",743,72.3553162853297,23.6602808555315,559.808890162632
"d_black_afam_abc","Black Afam",2197,72.318161128812,24.1221712609745,581.879146343785
"d_comcoll_abc","Comcoll",2195,72.0036446469248,22.4006768646396,501.790323994
"d_sci_experts_abc","Sci Experts",2200,71.3245454545455,23.7371565957133,563.452603249414
"d_ruralam_b","Ruralam",736,70.5883152173913,22.1858648236658,492.212597973974
"d_latino_his_abc","Latino His",2192,70.4356751824817,23.7572053515614,564.404806116256
"d_blackmen_a","Blackmen",743,70.228802153432,23.9119313966582,571.780463118489
"d_asianam_abc","Asianam",2192,70.1418795620438,23.3142255977799,543.553115224177
"d_fstamps_snap_abc","Fstamps Snap",2199,69.7980900409277,24.2582251744863,588.461488616082
"d_boomer_a","Boomer",752,69.7739361702128,24.3000980624385,590.494765844127
"d_homeless_abc","Homeless",2205,69.7510204081633,25.0012731999213,625.063661617102
"d_genx_a","Genx",743,69.1251682368775,22.9769414284032,527.939837404271
"d_jews_a","Jews",749,68.4646194926569,24.4001378649716,595.366727829622
"d_tech_a","Tech",749,68.1441922563418,22.3881780789687,501.230517695613
"d_urbanam_b","Urbanam",737,67.9158751696065,22.9241063626889,525.514652527874
"d_mill_a","Mill",744,67.6344086021505,22.7821492521852,519.026324548841
"d_aids_c","Aids",711,67.534458509142,26.4746731420998,700.908317981021
"d_hsteen_a","Hsteen",748,67.5267379679144,23.4656165690296,550.635160964715
"d_suburbam_b","Suburbam",738,67.3414634146341,21.6521767676641,468.816758778172
"d_whiteam_abc","Whiteam",2192,67.2550182481752,23.6046128439384,557.177747512224
"d_enviro_abc","Enviro",2202,67.1371480472298,25.8918572055895,670.388269554637
"d_unins_c","Unins",711,66.6033755274262,25.5158650425859,651.059368871458
"d_mideastam_abc","Mideastam",2195,65.648291571754,24.9675676692904,623.379435320598
"d_genz_a","Genz",744,65.6182795698925,24.6568806827594,607.961765003835
"d_unemployed_abc","Unemployed",2199,65.5629831741701,24.8830478893025,619.16607226132
"d_whitecol_a","Whitecol",743,65.4508748317631,24.1631906053596,583.859780230937
"d_unions_abc","Unions",2197,65.0596267637688,25.806615735265,665.981415707625
"d_welfare_tanf_abc","Welfare Tanf",2197,64.5862539827037,25.4195121122478,646.151596024715
"d_police_abc","Police",2202,63.8169845594914,28.3464581969499,803.521692311429
"d_uni_abc","Uni",2195,63.3507972665148,26.6097757763262,708.080166866358
"d_migrantwork_c","Migrantwork",711,63.2447257383966,26.1405038293611,683.325940452842
"d_lesbians_c","Lesbians",711,61.7440225035162,30.8094418511105,949.221707176961
"d_immigrants_abc","Immigrants",2195,61.6619589977221,27.7148619057376,768.113570454105
"d_gay_c","Gay",711,61.2334739803094,30.3644817369554,922.0017511539
"d_regufee_c","Regufee",711,60.7313642756681,29.2865803661777,857.703789544584
"d_lgbt_abc","Lgbt",2201,60.7273966378919,30.76193366353,946.29656271942
"d_muslim_a","Muslim",746,60.5495978552279,27.4479291007281,753.388811918599
"d_noncit_parent_a","Noncit Parent",749,60.0534045393859,28.467963601721,810.424951628911
"d_cath_a","Cath",741,59.919028340081,27.0583738774606,732.155596892441
"d_proabort_choice_abc","Proabort Choice",2197,59.7742375967228,31.1206450040503,968.494545468119
"d_transkids_abc","Transkids",2199,58.6116416552979,32.6076319656668,1063.25766240838
"d_ice_abc","Ice",2191,57.9036969420356,29.2171892238751,853.644146143722
"d_metoo_b","Metoo",736,57.5380434782609,30.5595200389396,933.884265010352
"d_feminists_abc","Feminists",2193,57.50113999088,28.8741626031925,833.717266035599
"d_dems_b","Dems",739,57.4330175913396,29.6764721707685,880.693000502399
"d_abortprov_abc","Abortprov",2205,56.578231292517,32.5626002936895,1060.32293788659
"d_trans_abc","Trans",2202,56.513169845595,32.2857958175735,1042.37261157404
"d_gunowners_abc","Gunowners",2200,56.0531818181818,27.1840507244855,738.9726137914
"d_pal_a","Pal",751,56.0186418109188,31.3176359051286,980.794318686199
"d_formerlyinc_c","Formerlyinc",711,55.7383966244726,26.1782982309897,685.303298270638
"d_weed_a","Weed",747,55.5421686746988,28.4085339500065,807.04480118867
"d_blm_b","Blm",739,55.1962110960758,33.806971374822,1142.91131353803
"d_athiest_a","Athiest",744,55,29.9798047772468,898.78869448183
"d_progs_b","Progs",737,54.9457259158752,30.7427047955706,945.113898147603
"d_evan_a","Evan",745,53.5436241610738,29.7309809137727,883.931226095114
"d_attnys_b","Attnys",741,53.0728744939271,25.2735323785236,638.751438888283
"d_lds_a","Lds",748,52.9144385026738,27.8321254593061,774.627207582553
"d_incwomen_abc","Incwomen",2194,52.6052871467639,27.2692756883262,743.613396565939
"d_incparents_a","Incparents",751,51.9573901464714,26.947421311007,726.163515312915
"d_reps_b","Reps",739,50.0527740189445,29.6878736162657,881.369839855366
"d_smokers_a","Smokers",748,47.7272727272727,29.1957425614881,852.391383716687
"d_soc_b","Soc",736,47.7241847826087,29.4965698342634,870.047631987579
"d_media_b","Media",738,47.3428184281843,27.1256253030907,735.799548083677
"d_incppl_pris_abc","Incppl Pris",2189,46.129282777524,27.9647565883991,782.027611048414
"d_christnat_b","Christnat",737,45.9877883310719,31.1334978380048,969.294687629049
"d_opioid_a","Opioid",747,45.0468540829987,30.0908668575712,905.460268240074
"d_wealthy_abc","Wealthy",2198,44.5250227479527,29.2317978933676,854.498008078688
"d_nra_abc","Nra",2200,44.3631818181818,31.9232596324431,1019.09450556037
"d_gunmans_abc","Gunmans",2191,44.0534002738476,30.2666290922259,916.068836606374
"d_socmed_abc","Socmed",2198,44.0373066424022,28.021733395566,785.21754249218
"d_unauth_undoc_abc","Unauth Undoc",2207,43.7720888083371,32.3137691073232,1044.1796739214
"d_maga_b","Maga",741,42.1632928475034,33.351511201335,1112.32329941277
"d_bigbank_abc","Bigbank",2200,40.8268181818182,28.5779453798125,816.698962131547
"d_bigcorp_abc","Bigcorp",2204,37.9963702359347,28.7063329274497,824.053550141585
"d_billion_b","Billion",743,36.1157469717362,30.9412112277101,957.358552237774
"d_proudboys_b","Proudboys",739,31.6468200270636,30.6301218277092,938.204363180305
"d_crim_abc","Crim",2200,31.1922727272727,27.1511497627781,737.184933440807
"d_sexharrasser_c","Sexharrasser",711,14.4050632911392,23.8330266106838,568.013157425562
"d_sexoffenders_c","Sexoffenders",711,14.1645569620253,23.3196932684465,543.808094134431
